Date,Open,High,Low,Adj Close,Volume
2017-01-03,188.0,191.10000610351562,188.0,187.00816345214844,9637272
2017-01-04,190.39999389648438,190.5,188.10000610351562,186.6132049560547,11411490
2017-01-05,191.0,194.1999969482422,190.6999969482422,190.85890197753906,20543005
2017-01-06,196.1999969482422,196.8000030517578,194.6999969482422,192.6361846923828,20077760
2017-01-09,196.6999969482422,196.89999389648438,195.1999969482422,193.12986755371094,13605277
2017-01-10,197.5,198.0,196.10000610351562,195.4995574951172,15628780
2017-01-11,200.0,201.39999389648438,198.6999969482422,198.26419067382812,20703850
2017-01-12,201.0,201.0,196.60000610351562,196.28945922851562,16362476
2017-01-13,199.0,200.1999969482422,198.6999969482422,197.17808532714844,10155934
2017-01-16,199.6999969482422,199.6999969482422,196.0,194.21597290039062,11600274
2017-01-17,199.89999389648438,199.89999389648438,197.5,195.20333862304688,8845604
2017-01-18,198.60000610351562,199.8000030517578,198.0,197.17808532714844,10962405
2017-01-19,200.60000610351562,200.60000610351562,198.3000030517578,196.98060607910156,9664250
2017-01-20,199.0,199.39999389648438,197.6999969482422,195.20333862304688,7686725
2017-01-23,196.39999389648438,199.3000030517578,196.39999389648438,195.30209350585938,7059398
2017-01-24,198.89999389648438,198.89999389648438,196.89999389648438,195.30209350585938,8825373
2017-01-25,201.0,201.0,199.1999969482422,198.26419067382812,17017199
2017-01-26,202.39999389648438,205.39999389648438,201.8000030517578,202.41114807128906,21037878
2017-01-27,205.60000610351562,205.60000610351562,204.1999969482422,201.8187255859375,8717396
2017-02-01,202.0,206.8000030517578,200.8000030517578,203.99093627929688,19494245
2017-02-02,207.0,208.39999389648438,204.39999389648438,202.60862731933594,14245064
2017-02-03,205.39999389648438,206.39999389648438,202.39999389648438,202.41114807128906,12525535
2017-02-06,206.39999389648438,207.39999389648438,204.39999389648438,204.7808380126953,9244792
2017-02-07,206.0,207.39999389648438,204.39999389648438,202.80609130859375,11540961
2017-02-08,204.39999389648438,205.1999969482422,202.39999389648438,201.42376708984375,15978068
2017-02-09,205.60000610351562,207.0,204.1999969482422,201.6212615966797,12967234
2017-02-10,205.39999389648438,206.0,202.39999389648438,200.04147338867188,13335776
2017-02-13,203.0,205.0,203.0,201.02883911132812,11469706
2017-02-14,203.1999969482422,203.8000030517578,202.8000030517578,200.23895263671875,11741212
2017-02-15,202.1999969482422,207.8000030517578,202.1999969482422,203.99093627929688,20967951
2017-02-16,210.0,213.0,208.0,209.32273864746094,30654514
2017-02-17,213.60000610351562,215.0,211.8000030517578,209.52020263671875,18573582
2017-02-20,213.1999969482422,215.1999969482422,212.60000610351562,211.29750061035156,14388585
2017-02-21,213.60000610351562,214.8000030517578,210.0,208.33538818359375,14978211
2017-02-22,212.0,215.0,212.0,212.28488159179688,14282531
2017-02-23,215.60000610351562,216.39999389648438,214.0,212.08738708496094,15728062
2017-02-24,213.39999389648438,214.1999969482422,211.1999969482422,208.53285217285156,17224457
2017-02-27,211.0,213.60000610351562,209.60000610351562,207.5454864501953,14141432
2017-02-28,210.8000030517578,211.60000610351562,207.0,204.38589477539062,16362243
2017-03-01,207.0,207.39999389648438,205.0,204.18841552734375,19151883
2017-03-02,210.60000610351562,211.0,206.39999389648438,203.79345703125,15808759
2017-03-03,206.0,208.8000030517578,204.1999969482422,204.58335876464844,16233580
2017-03-06,206.60000610351562,210.39999389648438,206.60000610351562,206.55810546875,11372312
2017-03-07,208.8000030517578,212.60000610351562,208.8000030517578,209.12527465820312,12046358
2017-03-08,210.1999969482422,212.60000610351562,210.1999969482422,209.52020263671875,10855929
2017-03-09,213.0,213.0,209.1999969482422,207.15054321289062,14123866
2017-03-10,209.39999389648438,212.8000030517578,209.1999969482422,209.7176971435547,15876601
2017-03-13,213.0,215.8000030517578,212.8000030517578,212.6798095703125,20012750
2017-03-14,216.0,216.0,213.8000030517578,211.88992309570312,15104670
2017-03-15,213.0,215.60000610351562,213.0,211.88992309570312,10738632
2017-03-16,217.60000610351562,220.8000030517578,216.1999969482422,218.01162719726562,27169372
2017-03-17,222.1999969482422,222.8000030517578,220.8000030517578,219.19647216796875,22110796
2017-03-20,222.0,228.1999969482422,221.8000030517578,225.31814575195312,24497641
2017-03-21,228.0,229.8000030517578,223.8000030517578,225.9105987548828,28352992
2017-03-22,224.0,227.0,223.39999389648438,222.35604858398438,24831244
2017-03-23,221.8000030517578,223.60000610351562,218.1999969482422,220.183837890625,39654843
2017-03-24,223.1999969482422,225.39999389648438,222.39999389648438,222.35604858398438,16607909
2017-03-27,225.1999969482422,228.39999389648438,223.39999389648438,221.9611053466797,20607592
2017-03-28,227.0,227.0,224.8000030517578,223.14596557617188,14412946
2017-03-29,230.0,230.1999969482422,226.60000610351562,225.1206817626953,16126457
2017-03-30,229.1999969482422,229.1999969482422,225.1999969482422,222.35604858398438,17388185
2017-03-31,225.39999389648438,226.39999389648438,222.60000610351562,219.98635864257812,16116998
2017-04-03,226.0,226.0,222.39999389648438,222.35604858398438,13042390
2017-04-05,228.0,228.8000030517578,226.1999969482422,225.9105987548828,21574677
2017-04-06,227.8000030517578,228.8000030517578,226.39999389648438,225.1206817626953,11191221
2017-04-07,228.0,228.1999969482422,224.1999969482422,224.33079528808594,14928165
2017-04-10,228.0,228.39999389648438,225.39999389648438,223.5408935546875,7479213
2017-04-11,228.0,228.0,224.1999969482422,222.15858459472656,9446922
2017-04-12,225.39999389648438,231.0,225.1999969482422,228.0828094482422,15740467
2017-04-13,229.60000610351562,233.8000030517578,228.8000030517578,227.6878662109375,20659980
2017-04-18,231.0,231.8000030517578,228.0,225.1206817626953,14813343
2017-04-19,228.0,231.39999389648438,228.0,227.2929229736328,16607985
2017-04-20,232.60000610351562,236.60000610351562,231.60000610351562,233.6121063232422,21399865
2017-04-21,237.60000610351562,239.60000610351562,233.8000030517578,233.4145965576172,16990163
2017-04-24,240.0,240.0,236.60000610351562,234.99441528320312,14548614
2017-04-25,238.8000030517578,242.8000030517578,237.1999969482422,239.73379516601562,18789716
2017-04-26,243.8000030517578,244.60000610351562,240.39999389648438,238.54893493652344,20607333
2017-04-27,242.1999969482422,245.0,239.39999389648438,241.51107788085938,17296815
2017-04-28,244.8000030517578,244.8000030517578,242.39999389648438,240.32620239257812,13449535
2017-05-02,245.0,248.39999389648438,244.8000030517578,245.26307678222656,19381149
2017-05-04,247.60000610351562,247.60000610351562,242.8000030517578,240.72116088867188,23663993
2017-05-05,243.1999969482422,244.0,241.8000030517578,240.72116088867188,14901527
2017-05-08,247.1999969482422,247.1999969482422,243.39999389648438,241.7085418701172,19308767
2017-05-09,248.0,250.8000030517578,245.60000610351562,247.6327667236328,19679502
2017-05-10,252.0,255.39999389648438,249.1999969482422,247.23780822753906,29585623
2017-05-11,249.60000610351562,255.0,249.39999389648438,251.38478088378906,20293953
2017-05-12,256.20001220703125,259.20001220703125,255.1999969482422,254.93931579589844,25854155
2017-05-15,259.6000061035156,260.6000061035156,257.79998779296875,255.7292022705078,21565437
2017-05-16,261.6000061035156,261.6000061035156,256.20001220703125,255.53172302246094,22950129
2017-05-17,260.79998779296875,261.20001220703125,258.20001220703125,256.5190734863281,18005770
2017-05-18,257.0,271.3999938964844,257.0,260.66607666015625,54039295
2017-05-19,266.0,271.20001220703125,265.20001220703125,265.6242980957031,29296891
2017-05-22,271.6000061035156,276.79998779296875,270.3999938964844,272.5518493652344,27155898
2017-05-23,279.0,280.6000061035156,271.79998779296875,272.3539733886719,34952505
2017-05-24,275.6000061035156,275.79998779296875,269.0,270.7705383300781,23143763
2017-05-25,273.3999938964844,277.20001220703125,273.3999938964844,274.3332824707031,18057011
2017-05-26,275.6000061035156,279.0,275.3999938964844,275.125,16821442
2017-05-29,278.0,278.20001220703125,274.0,271.95806884765625,16775468
2017-05-31,274.79998779296875,277.0,267.3999938964844,264.83251953125,37199378
2017-06-01,267.0,272.79998779296875,262.79998779296875,268.3953552246094,31879531
2017-06-02,275.6000061035156,275.6000061035156,269.3999938964844,267.2077331542969,18058922
2017-06-05,271.79998779296875,273.6000061035156,269.0,268.79119873046875,12464553
2017-06-06,272.20001220703125,273.79998779296875,271.6000061035156,270.7705383300781,12386827
2017-06-07,274.6000061035156,275.6000061035156,270.79998779296875,269.978759765625,13084272
2017-06-08,272.79998779296875,274.3999938964844,271.3999938964844,270.5725402832031,14994316
2017-06-09,277.79998779296875,283.3999938964844,276.20001220703125,274.53118896484375,69183612
2017-06-12,271.20001220703125,274.79998779296875,269.3999938964844,267.801513671875,38020407
2017-06-13,273.6000061035156,273.6000061035156,271.0,269.5828857421875,23003533
2017-06-14,274.0,277.3999938964844,273.0,274.53118896484375,22610380
2017-06-15,277.0,277.0,273.0,270.17669677734375,18220693
2017-06-16,272.79998779296875,276.3999938964844,272.6000061035156,269.78082275390625,20927343
2017-06-19,274.79998779296875,279.0,274.20001220703125,275.91668701171875,16963532
2017-06-20,282.79998779296875,283.79998779296875,279.20001220703125,277.10430908203125,16108404
2017-06-21,280.20001220703125,281.6000061035156,277.0,276.3125915527344,16517148
2017-06-22,282.6000061035156,283.79998779296875,280.3999938964844,278.687744140625,15573926
2017-06-23,282.6000061035156,282.79998779296875,280.20001220703125,277.30224609375,12763476
2017-06-26,281.0,285.0,280.79998779296875,281.06292724609375,16455438
2017-06-27,284.6000061035156,288.3999938964844,282.79998779296875,285.0215759277344,20034778
2017-06-28,284.0,287.0,282.0,279.8753356933594,25379040
2017-06-29,287.0,287.20001220703125,282.6000061035156,281.06292724609375,15915273
2017-06-30,279.0,280.6000061035156,277.3999938964844,276.3125915527344,18739252
2017-07-03,278.3999938964844,280.79998779296875,277.79998779296875,277.89599609375,12980644
2017-07-04,278.79998779296875,279.20001220703125,266.3999938964844,266.416015625,39021127
2017-07-05,266.6000061035156,273.3999938964844,260.3999938964844,268.1973876953125,44469113
2017-07-06,274.6000061035156,275.0,271.20001220703125,268.9891052246094,16896004
2017-07-07,267.79998779296875,270.6000061035156,267.0,266.21807861328125,18051304
2017-07-10,270.0,272.0,269.3999938964844,268.79119873046875,13037177
2017-07-11,273.79998779296875,279.0,273.79998779296875,275.5208435058594,18877039
2017-07-12,279.6000061035156,283.20001220703125,279.0,278.2919006347656,15398833
2017-07-13,285.6000061035156,286.3999938964844,282.6000061035156,281.45880126953125,18892847
2017-07-14,285.0,285.3999938964844,282.3999938964844,281.85467529296875,11874513
2017-07-17,288.0,288.79998779296875,284.20001220703125,282.0525817871094,14312139
2017-07-18,286.6000061035156,287.3999938964844,285.20001220703125,283.83392333984375,11373710
2017-07-19,289.79998779296875,298.79998779296875,288.79998779296875,294.91815185546875,28377010
2017-07-20,299.79998779296875,300.0,296.0,293.928466796875,15998923
2017-07-21,298.0,300.6000061035156,295.0,293.928466796875,11572492
2017-07-24,298.0,302.79998779296875,297.20001220703125,299.0747375488281,15577849
2017-07-25,302.3999938964844,304.79998779296875,301.6000061035156,298.4809265136719,18337415
2017-07-26,303.0,303.6000061035156,298.0,297.88714599609375,15441362
2017-07-27,303.0,308.6000061035156,301.6000061035156,305.2106018066406,17309216
2017-07-28,304.6000061035156,307.3999938964844,303.0,301.6478271484375,22259614
2017-07-31,305.3999938964844,314.3999938964844,305.3999938964844,310.15887451171875,21609121
2017-08-01,309.0,317.3999938964844,309.0,311.1485595703125,20797165
2017-08-02,315.0,317.79998779296875,311.79998779296875,309.3671569824219,18487436
2017-08-03,310.79998779296875,312.6000061035156,308.0,305.4085693359375,23471273
2017-08-04,311.20001220703125,315.3999938964844,309.79998779296875,308.1795959472656,17217901
2017-08-07,315.3999938964844,321.3999938964844,315.0,317.284423828125,21296305
2017-08-08,320.3999938964844,328.6000061035156,320.0,325.2016906738281,22771430
2017-08-09,326.0,333.0,326.0,326.78515625,26055300
2017-08-10,328.0,330.3999938964844,322.79998779296875,323.22235107421875,27585584
2017-08-11,314.0,319.20001220703125,310.20001220703125,307.3878173828125,57667931
2017-08-14,314.0,324.79998779296875,314.0,320.64923095703125,30656758
2017-08-15,328.0,330.3999938964844,318.79998779296875,315.50299072265625,23926140
2017-08-16,319.3999938964844,324.6000061035156,319.3999938964844,319.8575439453125,23592733
2017-08-17,340.3999938964844,341.0,329.3999938964844,325.993408203125,44326795
2017-08-18,324.6000061035156,329.3999938964844,323.6000061035156,322.4306335449219,24215583
2017-08-21,330.0,330.3999938964844,326.0,322.6285705566406,15608008
2017-08-22,328.0,329.20001220703125,324.0,320.64923095703125,14711626
2017-08-23,324.0,324.0,324.0,320.64923095703125,0
2017-08-24,333.0,333.0,325.20001220703125,324.0140686035156,23429770
2017-08-25,329.0,329.0,322.6000061035156,325.00372314453125,19929522
2017-08-28,327.0,329.0,321.3999938964844,319.65960693359375,22343373
2017-08-29,320.20001220703125,322.0,314.6000061035156,316.4927062988281,22207064
2017-08-30,325.6000061035156,327.6000061035156,323.0,323.22235107421875,17631515
2017-08-31,326.6000061035156,330.3999938964844,326.6000061035156,325.5975341796875,17317121
2017-09-01,331.79998779296875,332.20001220703125,326.20001220703125,322.8265075683594,23454734
2017-09-04,325.0,326.0,321.3999938964844,318.669921875,15521481
2017-09-05,323.20001220703125,326.0,321.20001220703125,318.47198486328125,13836022
2017-09-06,320.79998779296875,325.6000061035156,319.20001220703125,320.8471984863281,17260324
2017-09-07,326.6000061035156,326.79998779296875,320.3999938964844,317.284423828125,16216841
2017-09-08,323.20001220703125,324.0,321.3999938964844,318.47198486328125,10837901
2017-09-11,322.79998779296875,330.79998779296875,322.20001220703125,327.37896728515625,23848866
2017-09-12,335.0,335.20001220703125,330.3999938964844,329.55621337890625,15271955
2017-09-13,335.0,335.0,330.6000061035156,330.5458679199219,14802934
2017-09-14,335.0,339.3999938964844,333.79998779296875,333.51483154296875,19055410
2017-09-15,337.0,340.6000061035156,334.20001220703125,335.29620361328125,24571497
2017-09-18,341.0,346.0,341.0,342.4217224121094,18391711
2017-09-19,348.3999938964844,349.6000061035156,343.3999938964844,340.640380859375,21945708
2017-09-20,343.0,347.3999938964844,343.0,342.817626953125,13674167
2017-09-21,345.0,348.3999938964844,344.3999938964844,343.6093444824219,14893320
2017-09-22,344.0,347.20001220703125,343.20001220703125,342.6196594238281,14354595
2017-09-25,345.20001220703125,345.79998779296875,340.3999938964844,338.0672607421875,22328070
2017-09-26,330.0,339.20001220703125,328.6000061035156,334.1086120605469,34724499
2017-09-27,337.6000061035156,341.6000061035156,337.0,334.9003601074219,13521570
2017-09-28,338.3999938964844,340.6000061035156,333.0,329.55621337890625,17292632
2017-09-29,334.6000061035156,337.3999938964844,333.20001220703125,332.7231140136719,12861135
2017-10-03,345.6000061035156,346.79998779296875,341.6000061035156,343.2134704589844,18517760
2017-10-04,348.3999938964844,351.0,348.0,345.7865905761719,11708684
2017-10-06,353.3999938964844,353.6000061035156,350.20001220703125,348.35968017578125,13355238
2017-10-09,352.0,353.0,348.6000061035156,345.3907165527344,13455864
2017-10-10,350.79998779296875,352.6000061035156,349.79998779296875,347.5679626464844,10823170
2017-10-11,351.20001220703125,352.6000061035156,349.3999938964844,347.9638366699219,17642355
2017-10-12,352.0,353.79998779296875,350.20001220703125,346.5783386230469,14874040
2017-10-13,347.20001220703125,350.20001220703125,346.3999938964844,345.5886535644531,20928347
2017-10-16,352.0,355.6000061035156,350.3999938964844,351.9224548339844,17588494
2017-10-17,356.3999938964844,356.3999938964844,353.0,351.1307373046875,12885350
2017-10-18,349.6000061035156,354.79998779296875,349.6000061035156,350.9328308105469,11974333
2017-10-19,356.20001220703125,356.3999938964844,345.6000061035156,342.6196594238281,21617366
2017-10-20,348.0,350.6000061035156,348.0,345.9845275878906,14319859
2017-10-23,351.6000061035156,351.6000061035156,347.3999938964844,344.994873046875,9767821
2017-10-24,347.20001220703125,349.6000061035156,345.3999938964844,343.8072509765625,15417200
2017-10-25,348.20001220703125,352.6000061035156,348.0,348.35968017578125,12989841
2017-10-26,348.79998779296875,350.6000061035156,346.3999938964844,343.4114074707031,15826872
2017-10-27,348.0,348.6000061035156,346.3999938964844,344.2030944824219,16161754
2017-10-30,353.0,353.0,349.0,345.9845275878906,16538825
2017-10-31,352.0,352.3999938964844,349.3999938964844,346.18243408203125,12706629
2017-11-01,352.0,360.3999938964844,351.6000061035156,356.2769470214844,22026178
2017-11-02,360.79998779296875,364.6000061035156,357.6000061035156,358.05828857421875,17931996
2017-11-03,364.6000061035156,368.3999938964844,363.6000061035156,364.1942443847656,16625181
2017-11-06,369.6000061035156,379.6000061035156,364.6000061035156,373.1011657714844,25043422
2017-11-07,380.3999938964844,391.0,380.20001220703125,386.95635986328125,25585700
2017-11-08,387.20001220703125,398.6000061035156,382.3999938964844,381.6121826171875,43983824
2017-11-09,385.20001220703125,392.3999938964844,385.20001220703125,383.7894287109375,23906595
2017-11-10,383.3999938964844,390.79998779296875,383.3999938964844,381.4142761230469,17152006
2017-11-13,385.0,392.0,385.0,383.5915222167969,17666194
2017-11-14,394.0,394.0,387.3999938964844,383.98736572265625,20492898
2017-11-15,383.79998779296875,388.0,383.0,379.0390930175781,23436345
2017-11-16,388.20001220703125,393.79998779296875,384.0,387.7480773925781,32583706
2017-11-17,397.0,405.0,397.0,399.2281188964844,34542285
2017-11-20,405.3999938964844,420.0,405.3999938964844,415.6564636230469,35231740
2017-11-21,425.0,439.6000061035156,420.79998779296875,425.5530700683594,50468370
2017-11-22,437.0,438.0,424.3999938964844,422.3861389160156,39601842
2017-11-23,425.0,432.0,418.20001220703125,415.2605895996094,32014753
2017-11-24,418.79998779296875,424.0,414.6000061035156,411.4998474121094,33069910
2017-11-27,416.0,417.0,410.0,407.1453857421875,25746296
2017-11-28,408.0,419.3999938964844,402.20001220703125,414.8647155761719,39406800
2017-11-29,422.20001220703125,422.79998779296875,410.79998779296875,407.34332275390625,27073413
2017-11-30,398.79998779296875,405.3999938964844,398.0,393.8840026855469,55969740
2017-12-01,398.0,402.0,385.0,381.0184020996094,79028748
2017-12-04,384.0,397.79998779296875,377.20001220703125,384.38323974609375,46134931
2017-12-05,380.0,386.0,376.0,372.1114807128906,44389024
2017-12-06,375.0,381.3999938964844,365.20001220703125,362.2149353027344,58301277
2017-12-07,373.79998779296875,379.3999938964844,367.20001220703125,374.0907897949219,39232605
2017-12-08,381.0,394.79998779296875,380.20001220703125,389.92535400390625,41462488
2017-12-11,389.3999938964844,406.3999938964844,389.20001220703125,401.2074279785156,32016735
2017-12-12,407.0,410.79998779296875,391.3999938964844,389.13360595703125,32544146
2017-12-13,395.0,399.3999938964844,387.3999938964844,391.5088195800781,22632354
2017-12-14,401.0,402.6000061035156,392.6000061035156,393.0922546386719,16678498
2017-12-15,392.3999938964844,394.6000061035156,389.0,384.9770202636719,23201046
2017-12-18,394.3999938964844,398.6000061035156,389.0,390.123291015625,20264916
2017-12-19,404.0,404.0,398.79998779296875,397.0509033203125,21109022
2017-12-20,398.6000061035156,400.3999938964844,396.79998779296875,393.2901611328125,13394104
2017-12-21,397.0,402.3999938964844,395.20001220703125,395.66534423828125,18431377
2017-12-22,403.79998779296875,405.79998779296875,400.79998779296875,401.6033020019531,16146080
2017-12-27,407.79998779296875,407.79998779296875,401.0,397.0509033203125,16680601
2017-12-28,404.0,408.20001220703125,402.20001220703125,403.9784851074219,11662053
2017-12-29,408.0,408.0,403.3999938964844,401.80126953125,16601658
2018-01-02,408.0,418.0,407.6000061035156,413.47918701171875,24080505
2018-01-03,424.0,426.79998779296875,419.0,417.83367919921875,22780154
2018-01-04,427.0,432.3999938964844,424.20001220703125,427.3343811035156,27904538
2018-01-05,436.3999938964844,436.3999938964844,428.20001220703125,428.719970703125,19958447
2018-01-08,436.20001220703125,439.20001220703125,433.79998779296875,434.0641174316406,17994826
2018-01-09,441.0,446.3999938964844,439.0,439.2102966308594,24476517
2018-01-10,445.79998779296875,446.20001220703125,440.0,435.845458984375,18007353
2018-01-11,436.0,438.0,429.3999938964844,424.959228515625,27635787
2018-01-12,431.79998779296875,442.20001220703125,430.79998779296875,437.6268615722656,19198950
2018-01-15,445.3999938964844,448.79998779296875,433.20001220703125,428.719970703125,23394615
2018-01-16,436.0,444.79998779296875,435.0,439.606201171875,20592159
2018-01-17,443.0,449.0,439.20001220703125,444.3565368652344,24879570
2018-01-18,452.6000061035156,454.0,444.79998779296875,443.1689147949219,21795983
2018-01-19,452.20001220703125,453.0,448.0,447.72137451171875,14749167
2018-01-22,455.0,460.0,450.3999938964844,455.2427978515625,19364906
2018-01-23,466.20001220703125,474.6000061035156,463.6000061035156,469.6918029785156,23871965
2018-01-24,474.0,474.3999938964844,466.79998779296875,464.1496887207031,24929026
2018-01-25,466.20001220703125,468.20001220703125,458.0,453.26348876953125,27732428
2018-01-26,464.20001220703125,471.20001220703125,464.0,466.32696533203125,22012532
2018-01-29,473.79998779296875,476.6000061035156,466.3999938964844,466.72283935546875,22504576
2018-01-30,463.20001220703125,469.6000061035156,461.20001220703125,457.024169921875,22255680
2018-01-31,455.6000061035156,468.3999938964844,455.20001220703125,458.8055725097656,27609235
2018-02-01,466.0,466.79998779296875,460.0,455.2427978515625,17119372
2018-02-02,459.0,460.0,451.0,447.72137451171875,24328782
2018-02-05,433.79998779296875,445.79998779296875,432.79998779296875,436.4393005371094,40391973
2018-02-06,423.0,425.3999938964844,407.20001220703125,405.7598571777344,86849711
2018-02-07,430.0,432.79998779296875,413.20001220703125,410.5102233886719,61051730
2018-02-08,418.79998779296875,424.0,414.0,415.8544006347656,35437925
2018-02-09,403.0,411.0,398.0,403.186767578125,69156760
2018-02-12,412.79998779296875,419.79998779296875,409.6000061035156,405.364013671875,33853960
2018-02-13,419.20001220703125,425.6000061035156,418.0,418.0316162109375,23705127
2018-02-14,428.6000061035156,435.0,426.3999938964844,429.1158142089844,22285259
2018-02-15,444.3999938964844,447.0,441.79998779296875,442.3772277832031,16354787
2018-02-20,450.0,453.0,444.79998779296875,441.1896057128906,20482027
2018-02-21,448.6000061035156,458.0,447.20001220703125,453.26348876953125,20404622
2018-02-22,455.0,455.20001220703125,446.3999938964844,441.7834167480469,22385045
2018-02-23,454.0,454.6000061035156,449.3999938964844,448.71099853515625,14992072
2018-02-26,456.0,457.0,448.3999938964844,448.3151550292969,21252148
2018-02-27,458.0,458.0,442.20001220703125,441.3875732421875,22008908
2018-02-28,439.0,440.0,431.0,427.73028564453125,32560086
2018-03-01,430.0,447.3999938964844,428.0,442.3772277832031,27113483
2018-03-02,437.0,440.6000061035156,436.0,431.4909973144531,25891511
2018-03-05,436.0,439.6000061035156,425.0,420.604736328125,24038693
2018-03-06,435.0,444.0,430.0,434.0641174316406,24812525
2018-03-07,435.20001220703125,441.20001220703125,430.0,429.7096252441406,19256638
2018-03-08,440.0,444.0,438.0,438.4185485839844,17506389
2018-03-09,445.0,448.20001220703125,445.0,442.3772277832031,13025075
2018-03-12,455.3999938964844,460.0,454.79998779296875,455.2427978515625,25513013
2018-03-13,460.0,462.79998779296875,455.79998779296875,458.0138244628906,18501646
2018-03-14,457.3999938964844,463.79998779296875,453.6000061035156,458.8055725097656,22611788
2018-03-15,459.20001220703125,470.0,458.0,463.75384521484375,24702582
2018-03-16,467.0,472.79998779296875,465.20001220703125,460.3890380859375,23898970
2018-03-19,465.0,470.3999938964844,461.79998779296875,457.024169921875,16287008
2018-03-20,456.3999938964844,468.3999938964844,456.0,461.7745361328125,21953314
2018-03-21,472.20001220703125,475.6000061035156,460.6000061035156,457.81591796875,28243967
2018-03-22,451.6000061035156,459.0,438.6000061035156,434.8558349609375,71848311
2018-03-23,405.0,424.79998779296875,405.0,415.6564636230469,308436765
2018-03-26,419.3999938964844,431.0,412.3999938964844,422.1882019042969,47299723
2018-03-27,435.20001220703125,438.6000061035156,430.20001220703125,427.73028564453125,42644182
2018-03-28,420.0,427.3999938964844,411.3999938964844,407.9371337890625,48964699
2018-03-29,414.0,417.0,405.20001220703125,405.364013671875,41115421
2018-04-03,404.6000061035156,412.3999938964844,400.6000061035156,405.16607666015625,32886586
2018-04-04,408.20001220703125,412.0,397.6000061035156,393.4881286621094,35861711
2018-04-06,404.79998779296875,409.6000061035156,400.3999938964844,401.6033020019531,26586340
2018-04-09,408.0,414.6000061035156,404.20001220703125,405.7598571777344,21220762
2018-04-10,413.0,418.6000061035156,409.3999938964844,412.88543701171875,25584002
2018-04-11,421.0,425.6000061035156,417.20001220703125,415.2605895996094,23911389
2018-04-12,422.3999938964844,423.6000061035156,408.79998779296875,408.9267578125,20604298
2018-04-13,416.6000061035156,416.79998779296875,407.20001220703125,403.780517578125,19567202
2018-04-16,406.79998779296875,407.79998779296875,399.20001220703125,398.8323059082031,24901230
2018-04-17,403.20001220703125,406.6000061035156,395.0,393.0922546386719,28414345
2018-04-18,404.20001220703125,405.0,393.3999938964844,395.86328125,28121104
2018-04-19,404.0,407.20001220703125,400.6000061035156,401.6033020019531,21812372
2018-04-20,406.0,406.79998779296875,398.3999938964844,396.0612487792969,18108773
2018-04-23,397.6000061035156,400.20001220703125,393.6000061035156,389.92535400390625,19316986
2018-04-24,396.6000061035156,399.3999938964844,394.20001220703125,392.49847412109375,14521724
2018-04-25,390.79998779296875,393.0,384.79998779296875,382.7998046875,34823644
2018-04-26,388.0,390.6000061035156,377.20001220703125,378.2474060058594,34961200
2018-04-27,390.0,390.79998779296875,383.0,384.38323974609375,26446726
2018-04-30,392.3999938964844,393.6000061035156,389.20001220703125,386.95635986328125,12881205
2018-05-02,391.0,396.79998779296875,391.0,389.33154296875,19203910
2018-05-03,389.3999938964844,390.6000061035156,384.3999938964844,381.0184020996094,23905086
2018-05-04,389.6000061035156,389.6000061035156,382.0,378.8411560058594,19325968
2018-05-07,388.0,388.79998779296875,375.3999938964844,376.07012939453125,34266791
2018-05-08,384.0,393.6000061035156,382.0,386.56048583984375,33393975
2018-05-09,395.0,396.79998779296875,390.6000061035156,390.5191345214844,20938751
2018-05-10,399.0,406.6000061035156,398.0,401.99920654296875,31117306
2018-05-11,412.0,415.0,408.0,404.572265625,24703301
2018-05-14,415.0,416.79998779296875,409.0,407.5412292480469,20833909
2018-05-15,411.79998779296875,412.6000061035156,398.0,393.8840026855469,33138167
2018-05-16,398.6000061035156,398.79998779296875,390.6000061035156,392.1026306152344,29613558
2018-05-17,424.0,424.20001220703125,409.20001220703125,406.74951171875,69097901
2018-05-18,414.20001220703125,415.0,408.0,407.622314453125,21407723
2018-05-21,416.6000061035156,418.0,408.0,404.6469421386719,21440433
2018-05-23,412.79998779296875,414.3999938964844,407.0,403.6551818847656,24572225
2018-05-24,411.0,411.3999938964844,402.6000061035156,403.6551818847656,17158987
2018-05-25,403.0,407.6000061035156,401.6000061035156,400.6798095703125,16752353
2018-05-28,407.6000061035156,407.6000061035156,401.20001220703125,401.8699645996094,13391312
2018-05-29,403.79998779296875,406.20001220703125,402.0,398.6962585449219,12131694
2018-05-30,400.20001220703125,400.20001220703125,395.0,391.7538146972656,23245403
2018-05-31,396.79998779296875,401.79998779296875,395.20001220703125,395.9192810058594,36770396
2018-06-01,401.6000061035156,404.0,398.20001220703125,400.6798095703125,23154943
2018-06-04,413.0,415.0,408.79998779296875,411.58941650390625,31279329
2018-06-05,418.79998779296875,420.0,415.3999938964844,416.54833984375,25879169
2018-06-06,421.20001220703125,425.0,420.79998779296875,421.5072326660156,23218762
2018-06-07,431.0,431.6000061035156,425.79998779296875,425.6727294921875,24688648
2018-06-08,426.6000061035156,426.6000061035156,412.6000061035156,411.58941650390625,28928220
2018-06-11,420.0,421.0,415.6000061035156,415.5565185546875,15480976
2018-06-12,420.3999938964844,422.3999938964844,416.20001220703125,413.9696960449219,12361698
2018-06-13,420.0,420.0,415.0,411.78778076171875,12210371
2018-06-14,417.6000061035156,417.6000061035156,408.6000061035156,408.61407470703125,17691467
2018-06-15,416.0,417.0,408.3999938964844,406.6304931640625,23180404
2018-06-19,410.0,410.0,395.20001220703125,393.5389709472656,34554216
2018-06-20,400.0,404.6000061035156,397.3999938964844,396.91107177734375,22963740
2018-06-21,404.3999938964844,405.0,396.20001220703125,393.5389709472656,20161454
2018-06-22,395.6000061035156,400.3999938964844,391.20001220703125,394.1340637207031,20167800
2018-06-25,395.0,397.79998779296875,388.3999938964844,385.604736328125,21688209
2018-06-26,384.0,390.3999938964844,380.0,382.8277282714844,29827048
2018-06-27,386.0,387.6000061035156,377.3999938964844,374.29840087890625,28081870
2018-06-28,375.0,382.3999938964844,373.3999938964844,375.8852844238281,27513679
2018-06-29,380.0,393.79998779296875,380.0,390.5636291503906,28307465
2018-07-03,395.0,395.0,381.6000061035156,387.5882873535156,25640221
2018-07-04,389.20001220703125,390.79998779296875,381.79998779296875,379.8524169921875,15074945
2018-07-05,383.0,388.0,379.20001220703125,382.4310302734375,13984065
2018-07-06,387.0,389.20001220703125,380.3999938964844,383.4228210449219,18000963
2018-07-09,394.20001220703125,398.0,392.20001220703125,392.7455749511719,18373223
2018-07-10,396.0,398.0,386.20001220703125,383.62115478515625,26791391
2018-07-11,378.0,382.20001220703125,375.0,376.2820129394531,24515081
2018-07-12,378.0,384.79998779296875,376.79998779296875,376.8770446777344,15496184
2018-07-13,386.79998779296875,386.79998779296875,380.0,377.86883544921875,12236915
2018-07-16,383.6000061035156,386.20001220703125,380.3999938964844,378.26556396484375,11036993
2018-07-17,380.0,380.6000061035156,375.0,372.7115478515625,15541560
2018-07-18,380.3999938964844,383.0,376.0,374.89349365234375,13200548
2018-07-19,378.0,380.6000061035156,375.20001220703125,372.5132141113281,10488882
2018-07-20,375.79998779296875,377.6000061035156,371.6000061035156,373.5050354003906,17079527
2018-07-23,377.6000061035156,377.6000061035156,369.20001220703125,367.9510192871094,19939375
2018-07-24,374.0,375.6000061035156,371.79998779296875,372.11651611328125,20856611
2018-07-25,378.20001220703125,380.0,376.3999938964844,376.6786804199219,18701043
2018-07-26,381.79998779296875,382.79998779296875,370.3999938964844,371.7197570800781,22285509
2018-07-27,371.0,374.0,369.79998779296875,369.9345703125,14462929
2018-07-30,370.0,370.79998779296875,361.6000061035156,364.1822814941406,25413455
2018-07-31,361.0,361.79998779296875,353.3999938964844,352.2808837890625,36978659
2018-08-01,360.79998779296875,361.20001220703125,353.0,352.0825500488281,25708741
2018-08-02,352.79998779296875,354.3999938964844,340.3999938964844,342.1647033691406,40777013
2018-08-03,348.20001220703125,354.6000061035156,346.6000061035156,346.9252624511719,30270747
2018-08-06,357.79998779296875,357.79998779296875,350.0,350.09893798828125,21446403
2018-08-07,355.0,358.3999938964844,348.6000061035156,354.0660705566406,18131302
2018-08-08,366.6000061035156,366.6000061035156,360.6000061035156,361.008544921875,25449715
2018-08-09,367.0,375.3999938964844,365.0,369.5378723144531,26626507
2018-08-10,375.3999938964844,375.6000061035156,364.6000061035156,366.959228515625,19525508
2018-08-13,363.0,364.6000061035156,360.20001220703125,358.0332336425781,16951441
2018-08-14,355.0,358.0,341.79998779296875,345.735107421875,40167471
2018-08-15,343.0,344.0,335.0,333.2386779785156,37288416
2018-08-16,320.0,332.6000061035156,319.0,323.12249755859375,69246930
2018-08-17,335.0,338.79998779296875,333.6000061035156,334.2304382324219,42698939
2018-08-20,343.20001220703125,352.3999938964844,342.3999938964844,347.9170227050781,34973182
2018-08-21,355.0,355.0,345.6000061035156,347.71868896484375,22787446
2018-08-22,354.0,360.6000061035156,349.3999938964844,356.44635009765625,28940119
2018-08-23,363.0,363.20001220703125,354.0,356.04962158203125,20061919
2018-08-24,353.0,358.0,352.6000061035156,351.0906982421875,17545124
2018-08-27,359.3999938964844,361.0,356.20001220703125,358.0332336425781,13959775
2018-08-28,365.0,368.79998779296875,361.3999938964844,362.3970642089844,20573345
2018-08-29,365.0,366.0,357.79998779296875,357.8348388671875,15732722
2018-08-30,361.20001220703125,362.6000061035156,355.3999938964844,354.4627990722656,12131375
2018-08-31,339.6000061035156,343.6000061035156,338.0,337.2057800292969,51544845
2018-09-03,333.3999938964844,335.20001220703125,328.6000061035156,330.0649719238281,27672896
2018-09-04,329.20001220703125,341.0,329.0,335.81732177734375,18025607
2018-09-05,332.20001220703125,333.3999938964844,323.20001220703125,322.1307067871094,31479425
2018-09-06,316.0,322.79998779296875,312.0,312.0145568847656,44287451
2018-09-07,313.20001220703125,319.6000061035156,309.6000061035156,314.19647216796875,39938047
2018-09-10,318.79998779296875,322.0,311.79998779296875,311.02276611328125,24847539
2018-09-11,313.6000061035156,314.0,307.20001220703125,305.46875,29972185
2018-09-12,312.0,312.3999938964844,305.20001220703125,305.865478515625,23489734
2018-09-13,314.79998779296875,323.79998779296875,314.0,321.138916015625,30836213
2018-09-14,330.0,331.79998779296875,328.0,327.2879638671875,26428478
2018-09-17,325.0,326.0,318.6000061035156,316.57672119140625,18863537
2018-09-18,315.0,323.3999938964844,311.0,315.3865966796875,24482875
2018-09-19,320.0,326.79998779296875,319.20001220703125,318.9570007324219,20774346
2018-09-20,329.0,329.0,321.20001220703125,321.53564453125,19471441
2018-09-21,327.6000061035156,334.3999938964844,326.0,331.65179443359375,30123052
2018-09-24,332.20001220703125,332.3999938964844,326.0,325.1060485839844,18537726
2018-09-26,331.3999938964844,332.6000061035156,328.0,327.2879638671875,23118115
2018-09-27,333.20001220703125,333.20001220703125,321.79998779296875,322.72576904296875,19972795
2018-09-28,327.6000061035156,327.6000061035156,321.20001220703125,320.54388427734375,16420799
2018-10-02,325.0,325.0,315.0,314.39483642578125,21722687
2018-10-03,313.0,319.6000061035156,313.0,313.4030456542969,13143988
2018-10-04,315.3999938964844,315.3999938964844,307.0,305.865478515625,22449211
2018-10-05,305.0,307.79998779296875,302.3999938964844,302.4934387207031,21377602
2018-10-08,305.79998779296875,306.79998779296875,299.0,296.5427551269531,22217251
2018-10-09,300.0,301.3999938964844,293.79998779296875,291.3854675292969,26099026
2018-10-10,294.0,296.79998779296875,285.6000061035156,284.0462646484375,33300721
2018-10-11,274.0,274.6000061035156,265.0,264.80572509765625,67626040
2018-10-12,277.0,289.6000061035156,273.0,286.02984619140625,54416265
2018-10-15,291.6000061035156,291.6000061035156,278.0,280.4758605957031,27588752
2018-10-16,283.20001220703125,283.79998779296875,273.20001220703125,279.0873718261719,25111529
2018-10-18,286.0,286.0,273.3999938964844,278.6906433105469,21982489
2018-10-19,275.20001220703125,286.20001220703125,273.3999938964844,279.68243408203125,25231456
2018-10-22,282.0,293.79998779296875,280.6000061035156,288.8068542480469,28245575
2018-10-23,293.0,293.0,277.0,275.5169677734375,30960896
2018-10-24,282.6000061035156,284.79998779296875,272.0,273.53338623046875,26379754
2018-10-25,266.79998779296875,270.0,265.0,266.7892761230469,31111906
2018-10-26,269.0,269.79998779296875,259.3999938964844,257.8632507324219,26383457
2018-10-29,264.6000061035156,264.6000061035156,255.0,257.8632507324219,24019681
2018-10-30,256.0,258.0,251.39999389648438,250.12734985351562,29484819
2018-10-31,257.20001220703125,267.0,256.6000061035156,264.80572509765625,34358127
2018-11-01,275.0,283.20001220703125,271.3999938964844,275.5169677734375,41075613
2018-11-02,295.0,303.79998779296875,289.3999938964844,301.1049499511719,66912440
2018-11-05,294.6000061035156,296.3999938964844,286.79998779296875,289.9969787597656,27220707
2018-11-06,294.79998779296875,294.79998779296875,286.0,289.6002502441406,23335427
2018-11-07,293.3999938964844,301.79998779296875,286.0,290.98876953125,25726022
2018-11-08,301.0,301.6000061035156,292.0,291.1871337890625,30646347
2018-11-09,287.6000061035156,287.6000061035156,278.20001220703125,276.9054870605469,28764444
2018-11-12,275.3999938964844,276.79998779296875,270.0,268.3761291503906,27299303
2018-11-13,262.0,275.3999938964844,260.0,272.1449279785156,33466976
2018-11-14,276.0,276.6000061035156,270.20001220703125,269.9630126953125,21334990
2018-11-15,284.0,288.79998779296875,277.6000061035156,285.6331481933594,46024464
2018-11-16,290.0,291.3999938964844,285.79998779296875,288.013427734375,25920320
2018-11-19,293.0,294.79998779296875,289.3999938964844,288.8068542480469,18040808
2018-11-20,284.20001220703125,285.0,280.79998779296875,279.2857360839844,17061588
2018-11-21,277.3999938964844,291.3999938964844,277.0,287.219970703125,22357879
2018-11-22,295.20001220703125,297.6000061035156,290.6000061035156,292.5755920410156,19959478
2018-11-23,293.0,294.6000061035156,287.3999938964844,288.8068542480469,12015790
2018-11-26,293.0,298.6000061035156,291.79998779296875,295.55096435546875,15160911
2018-11-27,299.3999938964844,303.79998779296875,296.3999938964844,301.3033142089844,27363126
2018-11-28,307.0,315.0,304.79998779296875,312.212890625,34384748
2018-11-29,320.0,320.79998779296875,309.20001220703125,309.4359130859375,38087387
2018-11-30,312.79998779296875,315.0,308.3999938964844,309.4359130859375,23164493
2018-12-03,328.0,328.20001220703125,320.0,322.1307067871094,35143989
2018-12-04,326.20001220703125,328.3999938964844,320.20001220703125,325.70111083984375,25224551
2018-12-05,318.0,323.79998779296875,316.0,318.3619079589844,26006699
2018-12-06,312.20001220703125,316.79998779296875,303.79998779296875,301.70001220703125,31464150
2018-12-07,304.79998779296875,313.79998779296875,304.79998779296875,308.0473937988281,30969630
2018-12-10,304.20001220703125,309.0,303.6000061035156,305.46875,17471804
2018-12-11,309.79998779296875,313.6000061035156,308.20001220703125,308.6424865722656,17052744
2018-12-12,316.0,318.79998779296875,314.6000061035156,314.19647216796875,16057644
2018-12-13,318.0,320.79998779296875,316.79998779296875,315.9816589355469,14133698
2018-12-14,311.20001220703125,312.3999938964844,307.79998779296875,306.2621765136719,17041560
2018-12-17,310.79998779296875,310.79998779296875,305.3999938964844,306.2621765136719,13791123
2018-12-18,302.3999938964844,305.6000061035156,300.20001220703125,300.31146240234375,18770121
2018-12-19,301.0,304.79998779296875,300.79998779296875,300.5098571777344,14666479
2018-12-20,300.20001220703125,305.0,299.6000061035156,299.1213684082031,16290305
2018-12-21,298.20001220703125,318.6000061035156,297.0,312.609619140625,41628409
2018-12-24,315.20001220703125,315.20001220703125,308.6000061035156,308.0473937988281,14579845
2018-12-27,312.0,316.79998779296875,307.0,307.0556335449219,17646140
2018-12-28,311.0,312.79998779296875,308.3999938964844,307.45233154296875,11541991
2018-12-31,310.0,317.20001220703125,310.0,311.4194641113281,9891851
2019-01-02,315.0,315.0,306.20001220703125,304.0802917480469,15721297
2019-01-03,304.0,309.3999938964844,302.79998779296875,302.4934387207031,16420034
2019-01-04,300.3999938964844,311.0,300.3999938964844,308.0473937988281,19329055
2019-01-07,318.0,318.79998779296875,313.6000061035156,314.9898681640625,24890962
2019-01-08,318.0,318.6000061035156,312.0,313.0063171386719,16264928
2019-01-09,319.79998779296875,327.6000061035156,319.3999938964844,324.90771484375,31878589
2019-01-10,329.0,329.79998779296875,323.20001220703125,326.29620361328125,24908010
2019-01-11,330.79998779296875,334.6000061035156,329.20001220703125,328.4781188964844,20145214
2019-01-14,329.6000061035156,329.6000061035156,320.20001220703125,319.15533447265625,18977242
2019-01-15,325.0,330.79998779296875,323.20001220703125,327.2879638671875,16953757
2019-01-16,330.0,331.0,325.20001220703125,328.2797546386719,16392202
2019-01-17,335.0,338.0,330.6000061035156,328.4781188964844,23148086
2019-01-18,335.0,337.79998779296875,333.79998779296875,334.2304382324219,15656802
2019-01-21,338.0,344.3999938964844,336.20001220703125,337.2057800292969,19062984
2019-01-22,342.0,342.0,330.79998779296875,333.040283203125,21039177
2019-01-23,330.6000061035156,335.6000061035156,330.6000061035156,330.461669921875,16410980
2019-01-24,332.20001220703125,333.0,326.79998779296875,327.4863586425781,17113453
2019-01-25,335.0,343.79998779296875,333.3999938964844,340.9745788574219,31534946
2019-01-28,344.3999938964844,349.0,340.3999938964844,338.79266357421875,22241461
2019-01-29,339.20001220703125,342.79998779296875,336.79998779296875,339.5860595703125,15798763
2019-01-30,342.0,344.20001220703125,339.0,341.37127685546875,13088458
2019-01-31,349.79998779296875,351.0,345.20001220703125,343.1564636230469,24188407
2019-02-01,352.0,352.0,345.3999938964844,345.1400451660156,13972725
2019-02-04,349.0,349.0,344.79998779296875,344.74334716796875,5855460
2019-02-08,343.20001220703125,347.3999938964844,338.0,342.759765625,14903478
2019-02-11,346.0,352.79998779296875,343.79998779296875,349.107177734375,17350791
2019-02-12,350.79998779296875,353.0,348.20001220703125,348.5120849609375,15005092
2019-02-13,349.20001220703125,350.3999938964844,345.3999938964844,344.941650390625,22880021
2019-02-14,345.6000061035156,345.79998779296875,340.6000061035156,338.990966796875,19274742
2019-02-15,338.0,340.0,331.20001220703125,331.0567321777344,18555426
2019-02-18,335.0,341.3999938964844,335.0,337.0074157714844,12040177
2019-02-19,341.79998779296875,343.79998779296875,336.79998779296875,334.0320739746094,9309584
2019-02-20,340.0,344.20001220703125,334.79998779296875,338.19757080078125,17102440
2019-02-21,339.0,343.79998779296875,338.79998779296875,340.3794860839844,11802629
2019-02-22,338.3999938964844,344.0,338.20001220703125,341.1729431152344,13745950
2019-02-25,348.0,348.79998779296875,341.6000061035156,340.9745788574219,17178146
2019-02-26,345.0,345.20001220703125,339.79998779296875,340.1811218261719,13827959
2019-02-27,343.0,344.79998779296875,339.0,337.4041748046875,15784631
2019-02-28,342.0,342.6000061035156,334.6000061035156,333.040283203125,18723997
2019-03-01,337.3999938964844,341.0,333.3999938964844,333.4370422363281,17006913
2019-03-04,337.0,348.6000061035156,335.0,343.94989013671875,28589024
2019-03-05,345.79998779296875,362.0,343.79998779296875,358.4299011230469,36623409
2019-03-06,365.20001220703125,370.0,359.20001220703125,359.0249938964844,29873868
2019-03-07,361.79998779296875,361.79998779296875,353.20001220703125,352.2808837890625,17270705
2019-03-08,348.0,351.6000061035156,343.20001220703125,344.14825439453125,25866691
2019-03-11,350.0,356.6000061035156,347.3999938964844,351.8841552734375,18392591
2019-03-12,363.0,363.0,358.3999938964844,358.0332336425781,16382668
2019-03-13,358.3999938964844,360.6000061035156,356.0,355.45458984375,12119730
2019-03-14,358.3999938964844,360.6000061035156,356.20001220703125,354.6611633300781,12053400
2019-03-15,358.6000061035156,363.6000061035156,357.20001220703125,356.04962158203125,16073845
2019-03-18,361.20001220703125,368.79998779296875,360.79998779296875,365.76910400390625,19482780
2019-03-19,367.3999938964844,370.0,366.20001220703125,366.959228515625,15395110
2019-03-20,369.3999938964844,371.20001220703125,367.0,366.959228515625,16162580
2019-03-21,368.0,370.6000061035156,361.79998779296875,360.01678466796875,21176941
2019-03-22,363.0,369.6000061035156,357.6000061035156,362.00030517578125,25419228
2019-03-25,352.79998779296875,356.20001220703125,351.79998779296875,350.8923645019531,20850523
2019-03-26,353.6000061035156,356.0,347.0,348.5120849609375,16227292
2019-03-27,350.0,358.0,350.0,351.6858215332031,13588869
2019-03-28,353.0,354.3999938964844,350.79998779296875,351.0906982421875,10974495
2019-03-29,356.0,361.79998779296875,354.0,358.0332336425781,17603625
2019-04-01,367.79998779296875,368.0,364.79998779296875,362.00030517578125,14798725
2019-04-02,370.0,370.0,365.3999938964844,362.99212646484375,13395056
2019-04-03,372.0,379.3999938964844,369.0,374.89349365234375,27663576
2019-04-04,376.0,379.6000061035156,373.0,372.9099426269531,13704181
2019-04-08,380.0,381.6000061035156,376.3999938964844,377.075439453125,16256581
2019-04-09,375.79998779296875,383.79998779296875,375.79998779296875,380.4474792480469,14580090
2019-04-10,383.0,389.3999938964844,379.79998779296875,385.604736328125,15552576
2019-04-11,396.0,400.3999938964844,391.0,388.1833801269531,33601497
2019-04-12,390.0,393.79998779296875,387.3999938964844,390.5636291503906,12791161
2019-04-15,395.6000061035156,398.3999938964844,388.20001220703125,385.0096740722656,14001061
2019-04-16,390.0,394.0,385.0,390.36529541015625,13024291
2019-04-17,393.6000061035156,397.79998779296875,392.6000061035156,392.3488464355469,12785801
2019-04-18,393.0,395.6000061035156,388.6000061035156,388.3817443847656,13142202
2019-04-23,391.79998779296875,395.6000061035156,389.0,389.77020263671875,13309338
2019-04-24,397.79998779296875,397.79998779296875,390.0,389.77020263671875,15219647
2019-04-25,390.0,391.79998779296875,382.6000061035156,379.654052734375,15543878
2019-04-26,380.0,385.79998779296875,380.0,380.84417724609375,12886453
2019-04-29,384.0,391.79998779296875,384.0,387.38995361328125,13451044
2019-04-30,386.0,390.3999938964844,384.3999938964844,384.8113098144531,9657162
2019-05-02,390.0,391.3999938964844,384.0,388.1833801269531,9045685
2019-05-03,387.20001220703125,389.6000061035156,384.6000061035156,384.6129455566406,9661796
2019-05-06,373.0,377.3999938964844,370.20001220703125,372.5132141113281,22726831
2019-05-07,376.20001220703125,381.20001220703125,374.0,377.6704406738281,17287049
2019-05-08,379.0,395.0,376.3999938964844,381.6376037597656,34223197
2019-05-09,384.79998779296875,387.6000061035156,375.6000061035156,372.5132141113281,19800539
2019-05-10,377.3999938964844,387.79998779296875,375.0,378.8606262207031,25923621
2019-05-14,369.0,377.0,369.0,367.5543518066406,26493139
2019-05-15,373.79998779296875,378.3999938964844,373.20001220703125,370.9263916015625,16344765
2019-05-16,367.0,376.0,365.6000061035156,362.5954284667969,22999863
2019-05-17,367.20001220703125,367.6000061035156,355.0,353.8437805175781,22936991
2019-05-20,349.6000061035156,352.6000061035156,342.0,340.1196594238281,26871329
2019-05-21,338.79998779296875,348.20001220703125,336.79998779296875,339.3240966796875,22726295
2019-05-22,339.6000061035156,342.6000061035156,337.20001220703125,337.13616943359375,19217841
2019-05-23,335.0,336.6000061035156,323.20001220703125,324.2076416015625,36976879
2019-05-24,327.79998779296875,332.79998779296875,324.6000061035156,323.01422119140625,21404288
2019-05-27,321.3999938964844,328.6000061035156,316.79998779296875,322.0197448730469,19797153
2019-05-28,324.0,332.3999938964844,323.6000061035156,323.8098449707031,28960336
2019-05-29,321.20001220703125,327.6000061035156,321.20001220703125,320.2296142578125,19971599
2019-05-30,325.3999938964844,326.0,321.6000061035156,322.6164245605469,12992745
2019-05-31,324.0,331.6000061035156,323.79998779296875,324.2076416015625,18980287
2019-06-03,329.79998779296875,333.6000061035156,327.20001220703125,331.765869140625,20420961
2019-06-04,333.0,333.6000061035156,326.20001220703125,325.40106201171875,19665110
2019-06-05,335.20001220703125,335.79998779296875,327.79998779296875,329.1801452636719,18268207
2019-06-06,332.0,332.79998779296875,326.0,328.58343505859375,12392764
2019-06-10,335.0,343.79998779296875,334.20001220703125,341.1141662597656,23888423
2019-06-11,343.6000061035156,345.0,341.20001220703125,342.70538330078125,17865553
2019-06-12,341.79998779296875,342.20001220703125,335.20001220703125,335.5449523925781,17538487
2019-06-13,335.3999938964844,336.0,327.20001220703125,332.362548828125,20320099
2019-06-14,334.6000061035156,336.79998779296875,329.20001220703125,328.1856384277344,14066039
2019-06-17,331.79998779296875,335.3999938964844,328.6000061035156,327.1911315917969,10592982
2019-06-18,333.0,336.3999938964844,330.0,332.1636657714844,11970079
2019-06-19,344.0,347.79998779296875,342.0,345.29107666015625,23558956
2019-06-20,349.0,354.0,348.0,352.0536804199219,19226151
2019-06-21,357.3999938964844,357.3999938964844,349.0,352.4515075683594,20111025
2019-06-24,354.6000061035156,357.3999938964844,352.3999938964844,353.8437805175781,10648069
2019-06-25,354.0,354.79998779296875,348.0,347.4789733886719,11468559
2019-06-26,343.0,350.6000061035156,343.0,347.0812072753906,10660430
2019-06-27,350.3999938964844,354.6000061035156,350.3999938964844,350.8602600097656,11289540
2019-06-28,353.0,353.0,348.6000061035156,350.6614074707031,12773981
2019-07-02,367.79998779296875,367.79998779296875,360.20001220703125,360.4075012207031,22510870
2019-07-03,359.79998779296875,360.79998779296875,357.20001220703125,358.4184875488281,10362622
2019-07-04,361.0,364.20001220703125,359.20001220703125,358.0207214355469,6813628
2019-07-05,360.0,361.0,357.6000061035156,357.82177734375,5126913
2019-07-08,355.0,355.79998779296875,351.0,349.0701599121094,10023962
2019-07-09,350.3999938964844,351.3999938964844,347.0,348.87127685546875,9658204
2019-07-10,352.0,357.3999938964844,352.0,354.8382873535156,12865621
2019-07-11,356.6000061035156,360.79998779296875,356.0,355.2361145019531,8907307
2019-07-12,360.0,360.0,354.79998779296875,353.0481872558594,8286973
2019-07-15,356.0,360.79998779296875,349.79998779296875,358.8162841796875,11809455
2019-07-16,364.6000061035156,364.6000061035156,361.0,360.6064147949219,10418687
2019-07-17,359.6000061035156,364.3999938964844,358.6000061035156,361.203125,9651769
2019-07-18,360.0,361.20001220703125,356.6000061035156,354.639404296875,10489401
2019-07-19,358.0,363.0,357.79998779296875,359.810791015625,8054720
2019-07-22,359.0,361.3999938964844,355.79998779296875,355.6338806152344,8674217
2019-07-23,357.3999938964844,360.3999938964844,356.0,356.6283874511719,8762748
2019-07-24,363.0,370.0,361.20001220703125,363.5899353027344,17751719
2019-07-25,371.0,373.20001220703125,368.79998779296875,370.3525390625,13937749
2019-07-26,370.6000061035156,376.0,369.3999938964844,368.1646423339844,11652441
2019-07-29,367.79998779296875,373.20001220703125,367.79998779296875,370.1536560058594,11280011
2019-07-30,372.0,377.79998779296875,371.20001220703125,371.1481628417969,10540964
2019-07-31,369.0,372.3999938964844,367.0,366.1756286621094,10495521
2019-08-01,372.3999938964844,373.79998779296875,368.0,367.9657287597656,12378256
2019-08-02,361.0,362.0,355.20001220703125,353.8437805175781,25277955
2019-08-05,350.0,351.0,340.6000061035156,338.7273864746094,30561976
2019-08-06,330.0,342.0,328.20001220703125,335.3460693359375,31256564
2019-08-07,337.20001220703125,342.0,336.0,336.7383728027344,15153029
2019-08-08,341.0,346.20001220703125,340.6000061035156,340.5174865722656,15459615
2019-08-09,346.6000061035156,347.0,338.3999938964844,336.5394592285156,13743977
2019-08-12,339.0,344.0,338.79998779296875,338.1306457519531,12343341
2019-08-13,336.3999938964844,339.3999938964844,334.0,332.1636657714844,13152402
2019-08-14,343.0,345.0,337.3999938964844,338.1306457519531,17481734
2019-08-15,326.79998779296875,334.79998779296875,325.79998779296875,328.58343505859375,30008735
2019-08-16,327.20001220703125,329.3999938964844,326.0,324.6054382324219,23731488
2019-08-19,330.79998779296875,338.3999938964844,330.79998779296875,334.9482727050781,21800145
2019-08-20,337.20001220703125,339.79998779296875,333.3999938964844,331.5669250488281,15516860
2019-08-21,333.0,336.20001220703125,332.3999938964844,330.7713623046875,10428368
2019-08-22,335.0,335.6000061035156,331.0,329.1801452636719,10524994
2019-08-23,331.3999938964844,336.0,330.0,332.362548828125,11801354
2019-08-26,323.0,326.0,320.6000061035156,324.2076416015625,22762840
2019-08-27,324.0,327.79998779296875,324.0,324.40655517578125,17918758
2019-08-28,325.3999938964844,327.0,318.0,317.2461242675781,22634739
2019-08-29,318.0,320.6000061035156,312.20001220703125,318.43951416015625,25031076
2019-08-30,327.0,327.20001220703125,321.0,323.01422119140625,19417590
2019-09-02,327.6000061035156,331.6000061035156,325.0,329.3790588378906,16957154
2019-09-03,333.0,333.79998779296875,328.3999938964844,327.39007568359375,13962630
2019-09-04,333.20001220703125,341.79998779296875,333.0,339.3240966796875,22337389
2019-09-05,345.0,346.0,335.79998779296875,339.5229797363281,18125571
2019-09-06,344.0,345.0,339.6000061035156,341.5119934082031,13446348
2019-09-09,345.79998779296875,346.0,340.0,340.5174865722656,8805778
2019-09-10,344.0,345.0,338.79998779296875,338.32958984375,10676488
2019-09-11,341.0,347.79998779296875,339.3999938964844,344.0976867675781,15794903
2019-09-12,350.20001220703125,351.0,347.20001220703125,347.4789733886719,15302176
2019-09-13,350.0,350.6000061035156,346.6000061035156,347.6778869628906,9936410
2019-09-16,346.0,346.6000061035156,339.79998779296875,344.6943664550781,23372263
2019-09-17,343.20001220703125,345.3999938964844,340.6000061035156,341.71087646484375,9225687
2019-09-18,344.0,345.6000061035156,341.6000061035156,341.1141662597656,7335407
2019-09-19,342.6000061035156,343.20001220703125,338.0,336.5394592285156,9437921
2019-09-20,340.79998779296875,340.79998779296875,334.20001220703125,335.7438659667969,19281922
2019-09-23,336.3999938964844,338.3999938964844,335.20001220703125,333.9537658691406,8307566
2019-09-24,335.0,338.20001220703125,334.20001220703125,333.7548522949219,10719005
2019-09-25,331.0,332.3999938964844,328.0,326.5944519042969,17433778
2019-09-26,335.3999938964844,335.3999938964844,330.0,330.57244873046875,12445742
2019-09-27,330.0,331.3999938964844,328.6000061035156,327.5889587402344,10822038
2019-09-30,324.0,332.3999938964844,323.3999938964844,328.38458251953125,14689552
2019-10-02,323.20001220703125,326.6000061035156,323.20001220703125,323.213134765625,17282236
2019-10-03,323.20001220703125,326.0,322.0,323.41204833984375,15825550
2019-10-04,326.79998779296875,327.0,320.0,321.0252380371094,12610140
2019-10-08,322.0,327.6000061035156,322.0,322.0197448730469,15282570
2019-10-09,321.6000061035156,323.20001220703125,318.20001220703125,316.4505310058594,17689295
2019-10-10,319.3999938964844,322.6000061035156,317.3999938964844,317.0472106933594,16487008
2019-10-11,324.0,328.0,323.0,323.01422119140625,19605498
2019-10-14,327.0,330.6000061035156,324.0,326.39556884765625,24011589
2019-10-15,329.3999938964844,331.6000061035156,327.6000061035156,326.9922180175781,14202519
2019-10-16,330.0,332.0,328.0,329.1801452636719,13953191
2019-10-17,332.79998779296875,332.79998779296875,328.3999938964844,329.1801452636719,10339120
2019-10-18,332.0,334.20001220703125,330.20001220703125,329.1801452636719,9904468
2019-10-21,329.6000061035156,330.20001220703125,324.79998779296875,323.01422119140625,13947162
2019-10-22,325.0,327.79998779296875,324.79998779296875,325.798828125,10448427
2019-10-23,324.79998779296875,325.79998779296875,319.6000061035156,318.2406311035156,19855257
2019-10-24,319.0,320.6000061035156,316.6000061035156,317.2461242675781,18472498
2019-10-25,320.3999938964844,320.3999938964844,316.6000061035156,314.85931396484375,15789881
2019-10-28,316.3999938964844,323.6000061035156,316.20001220703125,320.2296142578125,17610356
2019-10-29,323.0,323.79998779296875,317.0,315.25714111328125,19927333
2019-10-30,316.0,319.3999938964844,314.6000061035156,314.4615478515625,13194838
2019-10-31,321.0,322.0,318.3999938964844,319.0362243652344,16107518
2019-11-01,319.6000061035156,322.20001220703125,318.79998779296875,319.83184814453125,10404101
2019-11-04,322.0,327.79998779296875,322.0,325.798828125,14776025
2019-11-05,330.0,334.0,327.3999938964844,331.1691589355469,22748099
2019-11-06,333.20001220703125,334.79998779296875,331.20001220703125,332.1636657714844,12428539
2019-11-07,333.0,333.6000061035156,326.79998779296875,331.765869140625,15533405
2019-11-08,335.0,335.20001220703125,326.20001220703125,325.40106201171875,16655874
2019-11-11,327.0,327.20001220703125,322.0,321.22412109375,15086985
2019-11-12,326.3999938964844,330.20001220703125,325.20001220703125,328.38458251953125,15908142
2019-11-13,331.6000061035156,331.6000061035156,325.3999938964844,325.5999450683594,15928263
2019-11-14,320.0,323.79998779296875,318.0,318.0417175292969,25690697
2019-11-15,323.0,323.0,318.79998779296875,318.2406311035156,13587498
2019-11-18,322.0,330.0,320.79998779296875,328.1856384277344,25786661
2019-11-19,333.0,336.6000061035156,330.3999938964844,334.7493591308594,24637015
2019-11-20,335.6000061035156,337.6000061035156,332.6000061035156,333.7548522949219,13744314
2019-11-21,332.0,332.0,328.0,327.5889587402344,13344246
2019-11-22,332.3999938964844,333.79998779296875,330.0,331.765869140625,10664922
2019-11-25,341.79998779296875,341.79998779296875,337.79998779296875,336.9372253417969,17927101
2019-11-26,341.0,342.0,333.79998779296875,333.7548522949219,29438082
2019-11-27,337.0,338.79998779296875,334.0,333.1581726074219,11211983
2019-11-28,335.0,340.20001220703125,333.6000061035156,336.14166259765625,18192478
2019-11-29,334.20001220703125,335.20001220703125,329.0,329.9757385253906,13808549
2019-12-02,335.0,335.0,331.6000061035156,331.1691589355469,10195685
2019-12-03,329.0,332.6000061035156,326.6000061035156,329.1801452636719,12735550
2019-12-04,327.79998779296875,329.3999938964844,325.3999938964844,326.7933349609375,12262656
2019-12-05,333.6000061035156,333.6000061035156,329.0,328.1856384277344,11697752
2019-12-06,333.6000061035156,336.3999938964844,332.20001220703125,333.7548522949219,15638497
2019-12-09,335.0,337.79998779296875,333.79998779296875,334.3515625,9839548
2019-12-10,333.20001220703125,338.79998779296875,332.79998779296875,334.9482727050781,10472081
2019-12-11,339.0,340.3999938964844,337.0,338.1306457519531,12535555
2019-12-12,344.79998779296875,351.3999938964844,343.6000061035156,347.0812072753906,33282651
2019-12-13,360.0,361.79998779296875,356.6000061035156,359.0152282714844,32786878
2019-12-16,362.79998779296875,364.3999938964844,358.0,357.82177734375,19238938
2019-12-17,368.20001220703125,373.0,363.3999938964844,369.1591491699219,32557133
2019-12-18,380.0,380.0,373.20001220703125,375.5239562988281,31560449
2019-12-19,374.6000061035156,375.6000061035156,370.3999938964844,373.5349426269531,18441112
2019-12-20,378.0,378.0,372.20001220703125,373.13714599609375,21656659
2019-12-23,378.0,378.0,373.79998779296875,375.72283935546875,11672033
2019-12-24,379.0,379.79998779296875,376.79998779296875,374.72833251953125,6360485
2019-12-27,378.79998779296875,385.3999938964844,378.20001220703125,381.8887634277344,19180036
2019-12-30,381.3999938964844,384.6000061035156,381.20001220703125,381.0931701660156,14328612
2019-12-31,379.0,380.20001220703125,374.6000061035156,373.5349426269531,10378526
2020-01-02,375.79998779296875,384.79998779296875,375.6000061035156,380.29754638671875,13991006
2020-01-03,388.0,390.0,381.20001220703125,380.8942565917969,15313106
2020-01-06,380.0,380.0,375.3999938964844,375.32501220703125,12123194
2020-01-07,380.79998779296875,387.79998779296875,380.0,383.4799499511719,17686346
2020-01-08,382.3999938964844,385.79998779296875,379.20001220703125,379.8997497558594,15529153
2020-01-09,390.0,390.0,387.0,387.85577392578125,15946820
2020-01-10,394.79998779296875,399.20001220703125,392.0,396.4084777832031,25292041
2020-01-13,400.0,406.3999938964844,397.3999938964844,404.16558837890625,27570261
2020-01-14,410.0,413.0,396.6000061035156,398.1985778808594,26827634
2020-01-15,397.20001220703125,403.0,396.20001220703125,396.60736083984375,15938138
2020-01-16,399.0,403.0,396.3999938964844,397.80078125,13770626
2020-01-17,400.0,400.6000061035156,396.0,396.8062744140625,13670846
2020-01-20,405.0,405.0,396.0,393.82275390625,13282412
2020-01-21,395.0,395.0,383.3999938964844,383.28106689453125,24173392
2020-01-22,387.3999938964844,392.79998779296875,382.6000061035156,388.85028076171875,18682305
2020-01-23,389.6000061035156,389.79998779296875,379.0,383.4799499511719,18621253
2020-01-24,387.0,388.6000061035156,383.3999938964844,383.6788330078125,8050690
2020-01-29,384.20001220703125,389.6000061035156,381.0,381.0931701660156,31761022
2020-01-30,386.0,389.0,370.20001220703125,372.938232421875,24946774
2020-01-31,380.20001220703125,384.79998779296875,371.3999938964844,370.94921875,20299052
2020-02-03,378.0,383.20001220703125,369.6000061035156,377.9107360839844,28678448
2020-02-04,390.0,393.6000061035156,384.79998779296875,390.8392639160156,28433595
2020-02-05,400.0,400.0,387.3999938964844,390.0436706542969,22398578
2020-02-06,398.0,400.0,392.20001220703125,397.80078125,17792132
2020-02-07,399.20001220703125,402.3999938964844,394.6000061035156,400.18756103515625,14896702
2020-02-10,395.6000061035156,401.0,395.0,398.3974914550781,16463493
2020-02-11,405.0,411.0,403.6000061035156,406.75128173828125,23184178
2020-02-12,410.0,413.6000061035156,408.20001220703125,408.74029541015625,17702662
2020-02-13,416.0,416.6000061035156,413.20001220703125,414.110595703125,17862969
2020-02-14,415.0,420.0,413.3999938964844,412.71832275390625,13887305
2020-02-17,410.6000061035156,419.79998779296875,410.20001220703125,414.30950927734375,10679538
2020-02-18,413.0,414.3999938964844,407.3999938964844,405.9557189941406,13033177
2020-02-19,410.0,414.6000061035156,408.6000061035156,409.1380920410156,12501005
2020-02-20,416.0,416.0,405.6000061035156,407.74578857421875,16582652
2020-02-21,406.0,408.3999938964844,400.0,398.7952880859375,17446042
2020-02-24,393.20001220703125,395.79998779296875,390.0,388.2535400390625,23182425
2020-02-25,390.79998779296875,402.79998779296875,390.3999938964844,399.3919982910156,24081019
2020-02-26,397.6000061035156,403.79998779296875,395.6000061035156,397.4029846191406,18326061
2020-02-27,399.0,401.6000061035156,394.3999938964844,397.00518798828125,19178474
2020-02-28,391.3999938964844,391.79998779296875,384.3999938964844,383.87774658203125,31915446
2020-03-02,384.6000061035156,394.6000061035156,384.6000061035156,387.4579772949219,23089586
2020-03-03,393.0,398.79998779296875,393.0,391.8337707519531,21808968
2020-03-04,396.0,396.0,390.79998779296875,391.8337707519531,19557990
2020-03-05,398.0,406.79998779296875,394.0,403.9667053222656,27046138
2020-03-06,398.0,400.20001220703125,395.0,393.62384033203125,30386573
2020-03-09,380.0,385.0,373.6000061035156,375.32501220703125,36123868
2020-03-10,382.0,389.3999938964844,376.0,380.8942565917969,31903957
2020-03-11,383.0,384.6000061035156,377.0,376.31951904296875,20448218
2020-03-12,368.0,369.3999938964844,361.79998779296875,361.6009216308594,38041810
2020-03-13,336.0,368.0,336.0,362.9931945800781,57393066
2020-03-16,356.0,357.79998779296875,337.0,339.9207458496094,49707672
2020-03-17,341.79998779296875,354.79998779296875,338.0,347.87677001953125,42149378
2020-03-18,343.0,355.20001220703125,330.0,332.1636657714844,44397013
2020-03-19,343.0,350.6000061035156,325.20001220703125,341.1141662597656,59750190
2020-03-20,355.0,364.3999938964844,349.20001220703125,357.6228942871094,52299073
2020-03-23,340.20001220703125,359.3999938964844,340.20001220703125,346.0867004394531,38694210
2020-03-24,361.0,367.79998779296875,358.0,363.1921081542969,36613469
2020-03-25,375.0,381.6000061035156,373.3999938964844,377.9107360839844,36226858
2020-03-26,386.0,386.0,376.0,379.7008056640625,29318892
2020-03-27,390.0,390.0,381.79998779296875,380.29754638671875,28738698
2020-03-30,371.79998779296875,380.0,371.6000061035156,374.5294494628906,21838731
2020-03-31,385.20001220703125,386.0,370.79998779296875,378.1096496582031,22201304
2020-04-01,383.6000061035156,383.6000061035156,372.3999938964844,372.3415222167969,23621274
2020-04-02,370.0,379.79998779296875,369.6000061035156,377.71185302734375,12125930
2020-04-03,372.0,376.3999938964844,372.0,374.3305358886719,14274200
2020-04-06,380.0,384.0,376.6000061035156,379.30303955078125,13869052
2020-04-07,387.6000061035156,387.6000061035156,382.0,385.4689636230469,18917053
2020-04-08,387.79998779296875,387.79998779296875,382.6000061035156,382.88323974609375,15181347
2020-04-09,390.0,391.3999938964844,386.6000061035156,389.248046875,15695986
2020-04-14,396.0,397.6000061035156,392.3999938964844,392.8282775878906,26198961
2020-04-15,400.6000061035156,400.6000061035156,395.0,392.8282775878906,20507375
2020-04-16,399.0,406.79998779296875,395.0,404.5633850097656,28850995
2020-04-17,417.0,419.6000061035156,406.20001220703125,407.3480224609375,29626871
2020-04-20,409.6000061035156,411.0,406.6000061035156,406.353515625,15337344
2020-04-21,410.3999938964844,410.3999938964844,396.6000061035156,398.3974914550781,20825176
2020-04-22,397.0,409.79998779296875,396.0,407.14910888671875,17154222
2020-04-23,410.0,415.0,407.3999938964844,409.3370361328125,17807176
2020-04-24,405.0,410.3999938964844,404.3999938964844,404.16558837890625,12501504
2020-04-27,412.79998779296875,415.0,410.20001220703125,410.72930908203125,15666254
2020-04-28,415.0,417.20001220703125,412.3999938964844,414.90625,13114086
2020-04-29,418.0,419.0,413.6000061035156,414.70733642578125,13274008
2020-05-04,408.79998779296875,408.79998779296875,400.0,397.80078125,24638326
2020-05-05,401.20001220703125,407.6000061035156,400.6000061035156,403.767822265625,12583081
2020-05-06,406.6000061035156,412.20001220703125,405.79998779296875,407.74578857421875,19797850
2020-05-07,411.6000061035156,411.6000061035156,407.20001220703125,404.9612121582031,12298259
2020-05-08,412.6000061035156,418.20001220703125,411.6000061035156,415.9007263183594,22019272
2020-05-11,425.0,435.0,423.6000061035156,432.6083679199219,33457407
2020-05-12,428.20001220703125,434.79998779296875,425.79998779296875,428.6303405761719,22037699
2020-05-13,428.20001220703125,438.20001220703125,426.20001220703125,427.238037109375,24275797
2020-05-14,444.0,447.0,426.6000061035156,428.2325439453125,32929988
2020-05-15,430.0,435.6000061035156,420.0,420.0548400878906,24590944
2020-05-18,419.0,425.3999938964844,416.79998779296875,421.8499450683594,20585062
2020-05-19,430.20001220703125,433.0,425.6000061035156,428.8309020996094,19839689
2020-05-20,434.6000061035156,440.0,432.0,438.8037109375,21245444
2020-05-21,436.3999938964844,437.79998779296875,431.3999938964844,432.2216491699219,18779513
2020-05-22,427.0,427.0,410.0,411.27874755859375,37869791
2020-05-25,410.0,417.6000061035156,406.0,415.46734619140625,19950427
2020-05-26,422.3999938964844,428.3999938964844,419.20001220703125,424.243408203125,15998175
2020-05-27,423.20001220703125,423.20001220703125,414.20001220703125,418.85809326171875,20832345
2020-05-28,421.0,421.0,404.20001220703125,407.0902099609375,28940426
2020-05-29,405.79998779296875,413.3999938964844,404.0,409.2842102050781,29277964
2020-06-01,419.3999938964844,429.79998779296875,419.20001220703125,427.8336181640625,22992560
2020-06-02,436.0,436.0,429.20001220703125,429.2298278808594,17846183
2020-06-03,436.0,437.3999938964844,426.20001220703125,431.4238586425781,20029115
2020-06-04,435.0,435.0,428.6000061035156,433.81732177734375,18474128
2020-06-05,434.0,434.20001220703125,426.6000061035156,433.0195007324219,26529493
2020-06-08,435.0,435.79998779296875,427.0,428.8309020996094,19719614
2020-06-09,432.0,435.0,428.20001220703125,432.6205749511719,18496805
2020-06-10,437.0,447.3999938964844,435.79998779296875,444.98687744140625,33941613
2020-06-11,450.79998779296875,455.3999938964844,442.0,441.19720458984375,26926939
2020-06-12,434.6000061035156,444.3999938964844,433.0,439.8009948730469,17460548
2020-06-15,435.0,444.3999938964844,432.20001220703125,432.421142578125,16009645
2020-06-16,449.3999938964844,452.79998779296875,445.3999938964844,447.57977294921875,22450726
2020-06-17,451.79998779296875,453.6000061035156,445.0,449.3749084472656,14077793
2020-06-18,452.3999938964844,458.0,445.20001220703125,456.7547912597656,18627367
2020-06-19,458.0,465.6000061035156,456.3999938964844,459.14825439453125,25331845
2020-06-22,460.0,474.6000061035156,459.20001220703125,472.9107666015625,25963341
2020-06-23,480.0,498.6000061035156,475.20001220703125,496.04766845703125,31328313
2020-06-24,502.0,505.0,490.79998779296875,489.4656066894531,23063468
2020-06-26,486.3999938964844,493.0,483.6000061035156,483.6813659667969,17878260
2020-06-29,481.0,493.79998779296875,481.0,484.67864990234375,22078976
2020-06-30,488.20001220703125,500.0,488.20001220703125,497.2444152832031,22144458
2020-07-02,503.0,519.0,503.0,517.0902709960938,31784539
2020-07-03,520.0,529.0,511.5,523.073974609375,21000756
2020-07-06,524.0,529.0,516.0,518.5862426757812,23259692
2020-07-07,519.0,531.0,512.0,514.5971069335938,25223637
2020-07-08,515.5,546.5,515.5,541.523681640625,27611987
2020-07-09,545.0,564.0,544.0,561.4692993164062,26065868
2020-07-10,549.0,562.0,546.0,545.01416015625,23459574
2020-07-13,540.5,556.0,540.0,539.5291137695312,20035936
2020-07-14,529.0,535.5,517.5,523.5726318359375,25841762
2020-07-15,538.5,543.0,530.5,541.523681640625,22169178
2020-07-16,539.0,542.0,511.0,511.6052551269531,27047086
2020-07-17,519.0,530.0,517.0,519.58349609375,17564370
2020-07-20,521.0,527.5,513.0,521.0794067382812,12986886
2020-07-21,548.5,564.0,544.0,562.4666137695312,29100071
2020-07-22,553.0,563.0,537.5,537.5345458984375,20931057
2020-07-23,546.0,557.5,543.0,555.485595703125,19087975
2020-07-24,542.0,547.0,525.0,526.564453125,28135030
2020-07-27,530.0,538.0,515.0,518.5862426757812,18687366
2020-07-28,535.0,544.5,529.0,542.0223388671875,21534552
2020-07-29,536.5,542.5,533.0,540.0277709960938,12483240
2020-07-30,547.0,549.5,532.0,533.54541015625,13702876
2020-07-31,540.0,550.0,534.0,532.5481567382812,15632568
2020-08-03,536.0,541.5,528.0,537.5345458984375,18075999
2020-08-04,546.0,556.5,540.0,548.504638671875,20181191
2020-08-05,557.5,561.0,551.0,559.4747314453125,15884977
2020-08-06,560.5,564.0,543.5,553.9896850585938,20568693
2020-08-07,559.0,559.0,499.3999938964844,526.0658569335938,62117088
2020-08-10,510.0,518.0,501.0,500.6351623535156,48583880
2020-08-11,511.0,526.0,510.0,512.1038818359375,25498516
2020-08-12,512.0,523.0,504.0,519.0848388671875,18944953
2020-08-13,528.0,531.0,510.0,508.6134033203125,27254634
2020-08-14,502.5,514.0,501.5,505.1229248046875,17991410
2020-08-17,508.5,515.0,502.0,503.12835693359375,14790866
2020-08-18,515.0,516.5,509.0,510.60797119140625,13387278
2020-08-19,516.0,520.0,506.0,504.6242980957031,11096267
2020-08-20,508.0,509.0,502.0,506.61883544921875,14375595
2020-08-21,516.5,524.5,512.0,516.5916748046875,18245052
2020-08-24,537.5,548.0,535.0,546.5100708007812,27410112
2020-08-25,548.0,549.0,537.0,543.0195922851562,18013351
2020-08-26,553.5,555.0,546.0,550.0005493164062,15633424
2020-08-27,554.0,560.0,547.0,556.48291015625,17032210
2020-08-28,554.0,558.0,540.5,539.0304565429688,22537720
2020-08-31,554.5,554.5,530.5,529.0576782226562,21605432
2020-09-01,537.5,547.0,531.0,537.5345458984375,19767347
2020-09-02,555.0,555.0,543.5,543.5182495117188,14565280
2020-09-03,546.0,548.5,533.0,532.5481567382812,17078694
2020-09-04,517.0,524.5,513.0,516.5916748046875,33072898
2020-09-07,516.0,524.5,510.0,509.6106872558594,18039821
2020-09-08,517.0,520.0,502.0,507.11749267578125,18517667
2020-09-09,502.0,508.5,501.5,502.6297302246094,17759577
2020-09-10,514.0,518.5,506.0,504.6242980957031,13682286
2020-09-11,509.0,518.5,506.5,514.5971069335938,12738928
2020-09-14,521.5,537.5,518.5,528.0603637695312,19281617
2020-09-15,535.5,538.5,527.5,528.0603637695312,11319351
2020-09-16,538.0,538.0,530.5,533.0468139648438,10186221
2020-09-17,535.0,536.0,522.0,525.5671997070312,11774020
2020-09-18,520.0,525.0,510.5,523.5726318359375,21697409
2020-09-21,522.0,527.5,512.0,515.0957641601562,10511440
2020-09-22,513.0,518.5,510.0,510.1093444824219,12546363
2020-09-23,512.0,521.5,510.0,512.6025390625,12517681
2020-09-24,510.0,512.0,505.0,503.62701416015625,14346974
2020-09-25,510.0,511.5,502.0,502.1310729980469,13227131
2020-09-28,505.0,509.5,503.5,504.6242980957031,10939965
2020-09-29,515.0,515.5,505.5,504.1256408691406,11431318
2020-09-30,512.5,520.0,509.0,510.1093444824219,10245124
2020-10-05,530.0,530.0,521.5,523.5726318359375,18238541
2020-10-06,527.5,529.5,525.5,526.0658569335938,7850605
2020-10-07,530.0,536.0,526.5,533.54541015625,11521712
2020-10-08,538.0,538.0,531.5,533.54541015625,8128914
2020-10-09,537.5,545.0,535.0,538.033203125,15192469
2020-10-12,545.0,557.0,543.5,555.485595703125,18900366
2020-10-14,568.0,574.0,560.5,571.9407348632812,25903930
2020-10-15,570.0,570.0,548.5,550.4992065429688,15521653
2020-10-16,559.0,563.5,552.0,555.485595703125,10324933
2020-10-19,562.0,568.5,558.5,559.973388671875,9771820
2020-10-20,566.5,566.5,558.5,562.9652099609375,9946356
2020-10-21,567.0,569.5,562.0,564.9597778320312,12213549
2020-10-22,566.0,567.5,553.0,561.9679565429688,12652343
2020-10-23,560.5,564.5,557.0,559.973388671875,7553740
2020-10-27,565.0,588.5,560.5,583.4094848632812,28119254
2020-10-28,587.5,604.0,584.0,599.3660278320312,24917543
2020-10-29,589.0,614.0,587.5,603.3551025390625,23050469
2020-10-30,597.0,610.0,584.5,589.3931884765625,24885040
2020-11-02,593.0,603.5,586.5,599.8646240234375,15507502
2020-11-03,597.0,603.5,595.0,596.3741455078125,16977351
2020-11-04,574.0,599.5,573.5,586.8999633789062,28464389
2020-11-05,610.0,625.0,609.0,623.3007202148438,25958683
2020-11-06,626.5,627.0,606.0,612.8292846679688,21350255
2020-11-09,630.5,633.0,620.0,620.8075561523438,17343105
2020-11-10,608.0,611.0,585.0,593.38232421875,36120280
2020-11-11,561.0,585.0,551.0,549.501953125,66066996
2020-11-12,570.0,586.0,570.0,575.4312744140625,32309427
2020-11-13,590.0,602.0,581.0,600.36328125,28455415
2020-11-16,600.0,603.0,585.5,595.3768920898438,19389831
2020-11-17,596.0,596.0,581.5,579.9190063476562,19372101
2020-11-18,586.0,591.0,580.0,587.3986206054688,13483128
2020-11-19,586.0,587.0,573.0,571.442138671875,15706593
2020-11-20,578.0,592.0,575.5,586.4013671875,16568025
2020-11-23,599.0,600.0,586.0,584.4067993164062,20899493
2020-11-24,587.0,590.0,579.0,582.4122314453125,15902803
2020-11-25,589.5,594.0,571.0,571.442138671875,20604545
2020-11-26,578.5,586.0,575.0,584.4067993164062,11144124
2020-11-27,586.0,594.5,583.0,581.4149169921875,11181079
2020-11-30,582.0,584.5,563.0,561.4692993164062,32813194
2020-12-01,573.0,581.0,571.5,576.4285278320312,22221870
2020-12-02,584.5,584.5,568.0,572.4393920898438,13475083
2020-12-03,584.5,589.0,579.5,587.3986206054688,15557202
2020-12-04,589.0,593.0,587.0,586.8999633789062,14363453
2020-12-07,592.5,592.5,579.5,581.91357421875,12133321
2020-12-08,588.0,590.5,582.5,581.4149169921875,9762277
2020-12-09,591.0,591.0,583.0,583.4094848632812,9886397
2020-12-10,580.0,582.5,577.5,576.4285278320312,10228363
2020-12-11,590.0,590.0,582.5,586.4013671875,12040557
2020-12-14,585.5,585.5,570.0,569.4475708007812,21177179
2020-12-15,571.0,572.0,560.0,558.4774780273438,23324922
2020-12-16,563.5,571.5,553.0,569.9462280273438,17315367
2020-12-17,580.0,583.0,574.0,581.4149169921875,13837248
2020-12-18,586.0,586.0,574.5,578.423095703125,19205794
2020-12-21,580.5,580.5,571.0,570.44482421875,13157070
2020-12-22,574.5,578.0,567.5,570.9434814453125,10269761
2020-12-23,568.0,574.5,566.5,569.4475708007812,11391543
2020-12-24,557.5,557.5,557.5,555.9842529296875,0
2020-12-28,539.5,542.0,519.0,517.5889282226562,60559725
2020-12-29,530.0,539.0,526.0,529.0576782226562,36250049
2020-12-30,542.0,563.0,539.0,557.9788208007812,29182959
2020-12-31,566.0,566.0,566.0,564.461181640625,0
2021-01-04,558.0,583.0,557.5,570.9434814453125,20784101
2021-01-05,572.0,586.5,565.5,581.91357421875,18668061
2021-01-06,585.0,599.0,585.0,594.8782348632812,25712527
2021-01-07,580.5,584.5,568.5,566.954345703125,39877643
2021-01-08,568.5,578.0,567.5,571.442138671875,22863792
2021-01-11,581.0,602.0,581.0,589.3931884765625,38403073
2021-01-12,586.5,596.5,586.0,588.3958740234375,20170790
2021-01-13,589.5,602.5,588.5,594.3795776367188,22609570
2021-01-14,608.0,629.5,607.0,627.7885131835938,36613986
2021-01-15,629.5,646.0,618.0,643.2463989257812,30660064
2021-01-18,638.5,667.5,635.5,655.2137451171875,33502829
2021-01-19,665.0,673.5,648.0,653.2191772460938,30322011
2021-01-20,671.0,680.0,658.0,677.652587890625,36213541
2021-01-21,680.5,700.0,674.0,680.6444091796875,27754649
2021-01-22,690.0,699.5,684.5,689.1212768554688,30329537
2021-01-25,707.0,767.5,702.5,764.416015625,46962411
2021-01-26,745.0,749.0,715.5,716.5465087890625,49968534
2021-01-27,716.0,729.0,698.5,699.5927734375,37385988
2021-01-28,700.0,719.5,681.0,679.1484985351562,37289825
2021-01-29,695.0,717.0,681.5,679.6471557617188,33974509
2021-02-01,698.0,727.5,698.0,710.064208984375,28643429
2021-02-02,740.0,748.0,723.5,722.5302124023438,26327061
2021-02-03,734.0,739.5,723.0,733.9989624023438,16979833
2021-02-04,725.0,742.5,710.5,733.5003051757812,23639193
2021-02-05,748.0,757.0,732.5,731.0071411132812,18664841
2021-02-08,748.0,750.0,735.0,734.4976196289062,14818290
2021-02-09,745.5,748.5,737.0,738.4866943359375,10651844
2021-02-10,759.0,770.0,751.5,758.9309692382812,16924664
2021-02-11,757.0,757.0,757.0,754.9418334960938,0
2021-02-16,762.5,766.5,741.0,742.9744873046875,23579965
2021-02-17,741.0,763.0,730.5,755.4404907226562,16036516
2021-02-18,767.0,775.5,745.0,745.4677124023438,24241947
2021-02-19,747.0,747.5,726.0,738.9853515625,22589560
2021-02-22,749.5,749.5,711.0,711.5601196289062,27296535
2021-02-23,697.0,722.0,697.0,705.0778198242188,26933971
2021-02-24,709.5,715.5,680.0,685.1322021484375,41585608
2021-02-25,700.0,717.0,691.5,689.6199340820312,24008360
2021-02-26,669.0,686.5,662.5,660.6987915039062,37077103
2021-03-01,692.0,697.0,679.0,695.10498046875,27079038
2021-03-02,712.0,722.0,692.5,696.102294921875,23080003
2021-03-03,698.0,723.0,690.0,721.0343017578125,18285294
2021-03-04,702.0,709.5,690.0,688.1240234375,24497606
2021-03-05,668.5,695.0,667.0,677.1539306640625,27137066
2021-03-08,683.5,689.0,641.0,640.753173828125,36233199
2021-03-09,632.0,664.5,613.0,642.2490844726562,38805403
2021-03-10,670.0,670.0,652.0,656.7096557617188,23255672
2021-03-11,658.5,683.5,657.5,678.6498413085938,20972740
2021-03-12,694.0,694.5,647.5,648.7314453125,25985928
2021-03-15,650.0,653.0,621.0,626.2926025390625,35012854
2021-03-16,639.0,643.5,625.0,628.7857666015625,19543472
2021-03-17,624.5,639.0,622.0,622.8021240234375,19099051
2021-03-18,635.0,651.5,632.0,638.7586059570312,22362704
2021-03-19,628.0,638.5,624.0,626.2926025390625,22540279
2021-03-22,630.5,643.5,629.5,631.7776489257812,14012535
2021-03-23,644.5,644.5,626.5,626.791259765625,14607658
2021-03-24,631.0,637.5,616.0,621.8048095703125,18048966
2021-03-25,600.0,622.0,588.5,604.3524169921875,44289707
2021-03-26,606.0,632.0,605.5,618.3143310546875,24489458
2021-03-29,620.0,622.0,600.5,610.3361206054688,29008349
2021-03-30,613.5,621.0,606.5,607.8428955078125,20556407
2021-03-31,618.0,621.5,609.0,608.341552734375,15940007
2021-04-01,627.5,656.0,621.5,652.221923828125,32903056
2021-04-07,653.0,658.0,623.5,627.7885131835938,27178435
2021-04-08,614.0,629.0,614.0,618.3143310546875,247386283
2021-04-09,629.0,629.0,615.5,618.81298828125,22463721
2021-04-12,616.0,619.5,603.0,611.83203125,27979807
2021-04-13,613.5,622.0,607.0,606.3469848632812,18440227
2021-04-14,621.0,625.0,615.5,621.8048095703125,17999746
2021-04-15,623.5,623.5,610.5,618.3143310546875,14548616
2021-04-16,620.0,632.5,616.0,630.28173828125,20757051
2021-04-19,630.0,644.0,620.0,625.2952880859375,20241398
2021-04-20,620.0,626.0,618.0,620.8075561523438,15227980
2021-04-21,614.5,616.0,608.0,607.34423828125,20660889
2021-04-22,621.5,624.5,616.0,619.3116455078125,15377713
2021-04-23,627.5,632.0,621.0,630.28173828125,16297503
2021-04-26,632.0,640.0,625.5,626.791259765625,14200054
2021-04-27,623.5,625.0,616.5,623.3007202148438,13828525
2021-04-28,621.0,628.0,617.5,626.2926025390625,11196968
2021-04-29,639.5,639.5,628.5,629.7830810546875,12466380
2021-04-30,627.5,627.5,620.0,621.3062133789062,11994726
2021-05-03,619.5,624.5,616.5,622.8021240234375,7944284
2021-05-04,624.5,625.0,619.0,620.3088989257812,6326570
2021-05-05,615.5,617.0,610.5,608.8401489257812,11626909
2021-05-06,614.5,619.0,602.5,608.8401489257812,21407572
2021-05-07,613.0,613.0,600.0,598.3687133789062,17462909
2021-05-10,599.0,608.0,590.0,593.38232421875,20540009
2021-05-11,582.0,586.0,566.5,582.9108276367188,34617590
2021-05-12,584.5,603.0,584.5,596.872802734375,22903915
2021-05-13,593.0,595.0,580.0,578.423095703125,17979776
2021-05-14,577.0,588.0,574.0,581.4149169921875,16014087
2021-05-17,593.0,604.5,589.0,598.8673706054688,19167047
2021-05-18,607.0,609.5,599.5,605.8483276367188,12188444
2021-05-20,611.0,615.5,603.5,607.34423828125,15631656
2021-05-21,600.0,600.0,583.5,586.8999633789062,40340844
2021-05-24,586.5,588.0,576.5,585.5,16608372
2021-05-25,589.5,613.0,588.5,610.0,27044587
2021-05-26,624.5,624.5,612.0,618.0,18726374
2021-05-27,610.0,613.0,602.0,605.5,25744926
2021-05-28,608.0,612.0,601.0,601.5,15183086
2021-05-31,612.0,619.5,603.5,619.0,15518200
2021-06-01,619.0,632.0,617.0,628.0,18041560
2021-06-02,634.0,640.0,625.5,628.5,16332063
2021-06-03,628.5,629.5,612.0,615.5,12310451
2021-06-04,610.0,614.5,606.0,611.5,18940490
2021-06-07,611.0,611.5,598.5,600.5,19767396
2021-06-08,606.0,606.0,597.0,601.0,10324239
2021-06-09,600.0,606.0,597.5,603.0,7766899
2021-06-10,605.0,608.5,598.0,600.5,11727606
2021-06-11,608.5,608.5,596.0,596.0,14496695
2021-06-15,605.0,605.0,592.0,600.0,11531430
2021-06-16,597.0,598.5,594.5,596.5,9771103
2021-06-17,594.0,599.0,591.5,599.0,13771836
2021-06-18,602.0,608.0,599.5,603.0,12301606
2021-06-21,600.0,600.0,582.5,590.5,23508586
2021-06-22,589.0,589.0,571.5,573.5,30872900
2021-06-23,580.0,583.0,573.0,582.5,18388447
2021-06-24,584.0,587.5,580.0,583.0,10947302
2021-06-25,588.5,600.0,584.0,598.5,19252093
2021-06-28,603.0,606.0,592.0,595.5,11485959
2021-06-29,600.0,601.0,588.0,590.5,14714259
2021-06-30,597.5,597.5,584.0,584.0,13618352
2021-07-02,598.5,598.5,572.5,574.5,24938624
2021-07-05,570.0,572.0,548.5,554.0,43338133
2021-07-06,552.0,563.0,549.0,559.0,19473053
2021-07-07,552.0,553.5,538.5,548.5,30520727
2021-07-08,540.0,543.5,523.5,528.0,45688533
2021-07-09,525.0,542.0,509.5,538.5,42922226
2021-07-12,549.5,551.0,522.5,534.5,30642691
2021-07-13,541.0,562.5,533.0,555.5,33125942
2021-07-14,560.0,563.0,554.0,556.5,19908293
2021-07-15,561.5,572.0,560.5,565.0,20179717
2021-07-16,567.0,569.5,557.0,564.0,14760058
2021-07-19,560.0,560.0,545.5,549.5,16914661
2021-07-20,549.0,556.0,539.0,542.5,19813313
2021-07-21,542.5,544.5,530.0,538.0,20300976
2021-07-22,545.0,549.0,537.0,544.0,15692401
2021-07-23,546.0,546.5,529.0,531.0,16758793
2021-07-26,510.0,512.5,489.20001220703125,490.0,82290642
2021-07-27,465.3999938964844,480.79998779296875,438.79998779296875,446.0,108027219
2021-07-28,451.0,460.6000061035156,422.0,447.20001220703125,112864046
2021-07-29,480.0,494.20001220703125,468.6000061035156,492.0,72896321
2021-07-30,487.6000061035156,487.6000061035156,465.0,479.0,40460003
2021-08-02,476.0,478.79998779296875,459.20001220703125,475.0,29445076
2021-08-03,468.79998779296875,468.79998779296875,423.6000061035156,446.0,117812591
2021-08-04,435.0,469.79998779296875,434.0,456.79998779296875,46103478
2021-08-05,452.6000061035156,464.3999938964844,432.6000061035156,439.0,58625939
2021-08-06,444.79998779296875,460.3999938964844,440.0,453.6000061035156,42946505
2021-08-09,447.79998779296875,472.3999938964844,442.6000061035156,461.6000061035156,40956433
2021-08-10,478.0,493.0,473.20001220703125,486.20001220703125,40881986
2021-08-11,490.20001220703125,492.6000061035156,480.0,484.0,20145659
2021-08-12,482.6000061035156,491.20001220703125,476.20001220703125,482.0,16350894
2021-08-13,471.20001220703125,476.20001220703125,461.3999938964844,470.20001220703125,26417507
2021-08-16,463.6000061035156,466.3999938964844,449.0,453.79998779296875,29020693
2021-08-17,442.79998779296875,446.3999938964844,433.0,435.0,43144121
2021-08-18,430.0,443.0,430.0,436.20001220703125,26596939
2021-08-19,448.0,450.79998779296875,419.20001220703125,421.20001220703125,51101738
2021-08-20,421.20001220703125,433.20001220703125,412.20001220703125,425.3999938964844,52135904
2021-08-23,440.0,444.0,431.6000061035156,433.79998779296875,44618406
2021-08-24,446.79998779296875,472.0,445.20001220703125,472.0,49519276
2021-08-25,491.6000061035156,491.6000061035156,467.79998779296875,474.6000061035156,41229670
2021-08-26,474.6000061035156,480.79998779296875,468.3999938964844,471.79998779296875,17297873
2021-08-27,469.0,483.6000061035156,462.6000061035156,466.3999938964844,23463441
2021-08-30,464.20001220703125,468.3999938964844,457.6000061035156,465.79998779296875,18475336
2021-08-31,462.79998779296875,481.20001220703125,447.20001220703125,481.20001220703125,52180434
2021-09-01,485.0,494.6000061035156,477.79998779296875,488.3999938964844,35295245
2021-09-02,499.0,510.0,493.0,496.0,40472033
2021-09-03,496.6000061035156,497.6000061035156,481.6000061035156,488.0,27140480
2021-09-06,489.3999938964844,507.0,488.20001220703125,505.0,26773925
2021-09-07,510.0,520.0,508.0,515.5,24963247
2021-09-08,526.0,529.0,512.5,524.5,32995933
2021-09-09,509.0,511.5,479.0,480.0,54090872
2021-09-10,491.20001220703125,494.79998779296875,481.20001220703125,490.0,35671160
2021-09-13,480.0,481.20001220703125,471.0,478.0,27815639
2021-09-14,476.3999938964844,482.79998779296875,468.79998779296875,472.79998779296875,19905281
2021-09-15,458.0,464.0,451.20001220703125,453.3999938964844,36166267
2021-09-16,446.79998779296875,454.79998779296875,445.0,451.0,24519868
2021-09-17,445.79998779296875,467.6000061035156,445.20001220703125,461.79998779296875,23982628
2021-09-20,456.6000061035156,457.3999938964844,448.0,454.20001220703125,15513224
2021-09-21,446.0,453.79998779296875,443.20001220703125,450.0,16556875
2021-09-23,460.20001220703125,469.6000061035156,456.3999938964844,463.20001220703125,22210868
2021-09-24,461.3999938964844,473.3999938964844,456.20001220703125,460.20001220703125,16656914
2021-09-27,459.0,473.0,455.20001220703125,464.6000061035156,17966998
2021-09-28,467.0,476.20001220703125,464.6000061035156,469.79998779296875,20947276
2021-09-29,461.6000061035156,465.0,450.20001220703125,465.0,18250450
2021-09-30,456.0,464.6000061035156,453.79998779296875,461.3999938964844,17335451
2021-10-04,470.0,470.0,454.3999938964844,457.0,11720256
2021-10-05,446.20001220703125,453.6000061035156,445.3999938964844,450.0,11881767
2021-10-06,454.0,454.0,445.6000061035156,446.3999938964844,10847755
2021-10-07,455.0,472.79998779296875,454.20001220703125,471.3999938964844,14550659
2021-10-08,490.0,490.0,472.0,481.79998779296875,29806385
2021-10-11,492.6000061035156,498.6000061035156,489.0,496.0,26204010
2021-10-12,487.0,490.0,480.20001220703125,483.20001220703125,16448461
2021-10-15,491.79998779296875,500.0,484.3999938964844,495.6000061035156,29126835
2021-10-18,499.3999938964844,499.3999938964844,485.3999938964844,497.0,20730047
2021-10-19,495.3999938964844,500.0,490.6000061035156,499.0,15427765
2021-10-20,508.0,515.0,504.5,509.5,32724023
2021-10-21,509.5,512.5,500.0,505.5,16682945
2021-10-22,507.5,512.0,502.5,509.5,12743265
2021-10-25,505.5,510.0,501.0,505.0,12257502
2021-10-26,507.5,508.0,495.6000061035156,502.0,15309144
2021-10-27,490.79998779296875,491.6000061035156,482.20001220703125,487.0,18715924
2021-10-28,485.79998779296875,494.0,485.79998779296875,488.20001220703125,13673231
2021-10-29,486.79998779296875,488.3999938964844,481.0,481.0,16440521
2021-11-01,476.3999938964844,476.79998779296875,465.0,469.6000061035156,22649546
2021-11-02,478.6000061035156,482.0,460.20001220703125,464.0,33005998
2021-11-03,462.0,470.0,457.79998779296875,469.0,19362664
2021-11-04,475.20001220703125,481.79998779296875,473.79998779296875,480.79998779296875,16440685
2021-11-05,472.0,474.20001220703125,465.20001220703125,467.3999938964844,20019234
2021-11-08,460.20001220703125,464.0,453.3999938964844,463.79998779296875,22340751
2021-11-09,469.0,471.0,459.6000061035156,464.0,13607437
2021-11-10,469.0,486.79998779296875,466.0,483.6000061035156,30617440
2021-11-11,478.0,480.20001220703125,467.0,477.6000061035156,36035177
2021-11-12,487.79998779296875,491.3999938964844,481.79998779296875,485.20001220703125,23829660
2021-11-15,492.0,494.79998779296875,489.0,491.79998779296875,19394604
2021-11-16,497.3999938964844,509.0,494.20001220703125,502.5,28263210
2021-11-17,504.0,509.0,498.6000061035156,509.0,21444520
2021-11-18,502.0,503.5,492.79998779296875,496.79998779296875,19321893
2021-11-19,486.6000061035156,496.6000061035156,485.0,496.0,15212834
2021-11-22,498.0,501.5,491.0,494.3999938964844,14686779
2021-11-23,484.0,485.79998779296875,479.0,481.20001220703125,18725940
2021-11-24,473.20001220703125,480.79998779296875,467.3999938964844,472.20001220703125,26021973
2021-11-25,472.20001220703125,482.3999938964844,471.0,477.79998779296875,16939716
2021-11-26,472.6000061035156,472.6000061035156,460.0,463.3999938964844,32885505
2021-11-29,462.0,471.20001220703125,461.3999938964844,462.3999938964844,19509506
2021-11-30,457.6000061035156,460.20001220703125,449.0,459.3999938964844,35586276
2021-12-01,462.6000061035156,473.6000061035156,461.3999938964844,468.79998779296875,20341120
2021-12-02,467.0,473.6000061035156,463.6000061035156,473.6000061035156,17719866
2021-12-03,468.79998779296875,468.79998779296875,457.6000061035156,462.6000061035156,22496991
2021-12-06,448.79998779296875,459.6000061035156,447.6000061035156,447.79998779296875,30958158
2021-12-07,457.79998779296875,464.0,451.6000061035156,463.79998779296875,23235595
2021-12-08,467.6000061035156,470.3999938964844,465.0,467.0,15173269
2021-12-09,474.3999938964844,474.3999938964844,471.0,472.6000061035156,13353686
2021-12-10,471.0,474.0,461.6000061035156,463.3999938964844,15230505
2021-12-13,470.6000061035156,481.0,466.6000061035156,466.6000061035156,22239831
2021-12-14,460.0,465.6000061035156,457.3999938964844,459.79998779296875,13651585
2021-12-15,459.6000061035156,464.3999938964844,453.20001220703125,455.79998779296875,13371932
2021-12-16,452.0,455.20001220703125,448.20001220703125,452.6000061035156,21029463
2021-12-17,447.0,447.20001220703125,438.0,438.0,28284431
2021-12-20,437.3999938964844,439.6000061035156,429.0,430.0,20413076
2021-12-21,430.0,446.79998779296875,429.3999938964844,440.79998779296875,17226545
2021-12-22,450.0,450.79998779296875,440.3999938964844,443.0,13839639
2021-12-23,454.0,468.79998779296875,449.20001220703125,461.79998779296875,32952274
2021-12-24,460.79998779296875,460.79998779296875,460.79998779296875,460.79998779296875,0
2021-12-28,457.79998779296875,459.20001220703125,445.0,450.3999938964844,18949609
2021-12-29,443.6000061035156,445.6000061035156,440.3999938964844,444.79998779296875,9589399
2021-12-30,446.3999938964844,450.79998779296875,442.0,443.3999938964844,7664650
2021-12-31,462.0,462.0,455.20001220703125,456.79998779296875,9875225
